,Advisory Committee Participation Parameters,,Culture/Mobility Parameters,,,,,,,,,,,,,,,,,,,Economics,,,,,,,,,,,,,,,,,,Educational Parameters,,,,,,,,,,,,,,,,,,,,,Energy Parameters,,,,,,,,,,,,,,,,,,,,,,,,,,,,,Environmental Conditions Parameters,,,,,,,,,,,,,,,,,,,,,,,,,,,,,,,,,,,,,,Health Interior Parameters,,,,,,,,,,,,,Infrastructure Parameters,,,,,,,,,,,,,,,,,,,,Population Parameters,,,,,,,,,,,,,,,,,,,,,,,,Subsistence Parameters,,,,,,,,,,,,,,,,,,,,,,,,,,,,,,,,,,,,,,,,,,,
Community ,RAC_Member_2015-2018,LAC_Member_2015-2018,Mobility_Sample,Same_House,Same_County,Dif_County,Dif_State,Dif_Country,Same_House_Percent,Same_County_Percent,Dif_Place_Percent,Dif_County_Percent,Dif_State_Percent,Dif_Country_Percent,Native_Percent,Lang_Family,Tribe,Subsistence_Scale,Total_Nat_Lang_Percent,Nat_Lang_Mainly_Percent,Other_Lang_Percent,Public_Asst_Percent_Of_Hsehlds,Public_Asst_Dollar_Per_Hsehold,Food_Stamps_Percent_of_Hseholds,Employ_Percent_2014,PrivSecEmpl_2014,LocalGovEmp_2014,StateGovEmp_2014,Household_Income_09_13,Per Capita Income,Below_Poverty_2010,City_Revenue_Per_Capita,Total_Debt_Per_Pop,No_Debt_Types_2015,No_Delinq_Audits_2015,No_Bus_Licenses_Res,EFF_Wages,EFF_Wages_Per_Capita,EFF_Wages_Per_Capita_Adjusted,School,Students_Percent_Pop,Student_Teacher_Ratio,Graduation_Rate_2014_15,No_HS_Grads,No_HS_Seniors,HS_Seniors_Percent_of_Students,Some_School_Male_Percent,HS_Grad_Male_Percent,Some_College_Male_Percent,Coll_Deg_Male,PostBA_DegreeMale_Percent,Some_School_Female_Percent,HS_Grad_Female_Percent,Some_College_Female_Percent,Coll_Deg_Female_Percent,PostBA_Degr_Female_Percent,English_Only_Percent,Total_Nat_Lang_Percent,Nat_Lang_Mainly_Percent,Other_Lang_Percent,GNIS ID_original,GNIS ID_formatted,2008_Average of residential_rate,2008_Average of pce_rate,2008_Average of effective_rate,2008_Average of fuel_price,2008_Sum of fuel_used_gal,2008_Sum of Gross Generation kWh,2008_Average of residential_mwh_per_customer,2008_Average of commercial_mwh_per_customer,2008_Average of community_mwh_per_customer,2008_Average of government_mwh_per_customer,2008_Average of unbilled_mwh_per_customer,2013_Average of residential_rate,2013_Average of pce_rate,2013_Average of effective_rate,2013_Average of fuel_price,2013_Sum of fuel_used_gal,2013_Sum of Gross Generation kWh,2013_Average of residential_mwh_per_customer,2013_Average of commercial_mwh_per_customer,2013_Average of community_mwh_per_customer,2013_Average of government_mwh_per_customer,2013_Average of unbilled_mwh_per_customer,2008_Average of no_1_fuel_oil_price,2008_Average of no_2_fuel_oil_price,2008_Average of propane_price,2013_Average of no_1_fuel_oil_price,2013_Average of propane_price,Mean_Rel_Flam,LOGS_1980s,LOGS_1990s,LOGS_2000s,DOT_1980s,DOT_1990s,DOT_2000s,DOF_1980s,DOF_1990s,DOF_2000s,Temp_DJF_1980s,Temp_DJF_1990s,Temp_DJF_2000s,Temp_MAM_1980s,Temp_MAM_1990s,Temp_MAM_2000s,Temp_JJA_1980s,Temp_JJA_1990s,Temp_JJA_2000s,Temp_SON_1980s,Temp_SON_1990s,Temp_SON_2000s,Precip_DJF_1980s,Precip_DJF_1990s,Precip_DJF_2000s,Precip_MAM_1980s,Precip_MAM_1990s,Precip_MAM_2000s,Precip_JJA_1980s,Precip_JJA_1990s,Precip_JJA_2000s,Precip_SON_1980s,Precip_SON_1990s,Precip_SON_2000s,Total_fires20km,Total_fires50km,Total_fires100km,Total_fires200km,2010_Pop,2010_Pop_Incr,2010_Pop_Incr,Health_Type,Health_Care_Score,Landfill_Class,Landfill_Permit_Status,Landfill_Status,No_Births_2005_2014,No_Deaths_2005_2014,Births_Per_1000_2005_2014,Deaths_Per_1000_2005_2014,Birth_Death_Ratio,Houses_Per_Person_2010,Health_Care_Score,Landfill_Status,VPSO_Present,School,Dock_Barge,Road,Passengers_Yr_2014,Passengers_Res_Yr_2014,Freight_lbs_2014,Freight_lbs_Res_2014,Mail_lbs_2014,Air_Type,Pri_Heating_Gal_2015,Connectivity,Latitude,Longitude,City_Type,Dist_City,Erosion_Threat,1900_Population,1910_Population,1920_Population,1930_Population,1940_Population,1950_Population,1960_Population,1970_Population,1980_Population_in_1980,1990_Population,2000_Population,2010_Population,2014_Population,2010_Pop_Incr,2014_Pop_Incr,Females_2010_Percent,Native_Percent,Pop_19_Younger_2010_Percent,Pop_65_Older_2010_Percent,No_Births_2005_2014,No_Deaths_2005_2014,Births_Per_1000_2005_2014,Deaths_Per_1000_2005_2014,Birth_Death_Ratio,studyear,DataLocation,Used_all,Att_all,Harv_all,Rec_all,Give_all,Part_all,Used_ns,Att_ns,Harv_ns,Rec_ns,Give_ns,Part_ns,Used_lm,Att_lm,Harv_lm,Rec_lm,Give_lm,Part_lm,Used_f,Att_f,Harv_f,Rec_f,Give_f,Part_f,Used_s,Att_s,Harv_s,Rec_s,Give_s,Part_s,Used_m,Att_m,Harv_m,Rec_m,Give_m,Part_m,Used_c,Att_c,Harv_c,Rec_c,Give_c,Part_c
Alatna,0,2,2,2,0,0,0,0,100,0,0,0,0,0,97.3,2,1,1,0,0,0,-9999,-9999,-9999,56,0,100,0,-9999,-9999,-9999,-9999,1830.47619,1,0,0,0,0,0,0,0,-9999,-9999,-9999,-9999,-9999,-9999,-9999,-9999,-9999,-9999,0,100,0,0,0,100,0,0,0,1865542,1865542, 0.75128 , 0.42603 , 0.32525 , 5.27250 ," 49,036.00000 "," 660,484.00000 ", 0.23334 , 0.73770 , 0.53939 , 2.95570 ,  , 0.85917 , 0.63333 , 0.22667 , 6.15000 ,"57,422 ","725,568 ", 0.24799 , 1.12046 , 0.45827 , 2.30331 ,  , 5.66667 ,  ,  , 6.75000 , 11.19000 ,0.003441274,150,158,158,119,112,115,269,270,273,-23.5,-24.2,-23,-4.5,-2.8,-4,13.9,14.5,14.5,-8.9,-8.8,-6.9,50,54,38,32,35,37,145,150,144,93,90,96,5,463,149,463,37,0.967741935,0.967741935,"FQHC, CHA/P Site",3,None,None,0,4,1,10.8108108,2.7027027,4,0.51351351,3,0,1,0,0,0,-9999,-9999,-9999,-9999,-9999,0,7,0,66.5545,-152.7013,1,185,1,-9999,-9999,32,131,28,79,115,174,163,31,35,37,21,0.967741935,-10.81081081,59.45945946,97.3,40.54054054,10.81081081,4,1,10.81081081,2.702702703,4,2011,CSIS,1,1,1,1,1,1,0.83,0.83,0.5,0.67,0.5,0.83,1,0.83,0.83,1,0.83,1,0.83,0.83,0.67,0.67,0.67,0.83,0.5,0.33,0.33,0.5,0.5,0.5,1,0.83,0.17,1,0.5,1,0.25,0.25,0.08,0,0.25,0.25
Allakaket,1,2,71,56,2,8,5,0,78.8732394,2.81690141,18.3098592,11.2676056,7.04225352,0,95.41,1,1,1,25,8.82352941,0,30.6,1982,41.7,80,25,74,1,25179,12859,27.3,4161.83784,1747.11712,4,0,0.04761905,162706,1550,1848.59,1,30.4761905,6.4,0,0,1,3.125,32.2580645,67.7419355,29.0322581,22.5806452,6.4516129,22.2222222,77.7777778,55.5555556,16.6666667,5.55555556,75,25,8.82352941,0,1398129,1865542, 0.75128 , 0.42603 , 0.32525 , 5.27250 ," 49,036.00000 "," 660,484.00000 ", 0.23334 , 0.73770 , 0.53939 , 2.95570 ,  , 0.85917 , 0.63333 , 0.22667 , 6.15000 ,"57,422 ","725,568 ", 0.24799 , 1.12046 , 0.45827 , 2.30331 ,  , 5.50000 ,  ,  , 6.75000 ,  ,0.003422723,150,157,156,119,112,116,269,269,272,-23.9,-24.7,-23.5,-4.7,-3,-4.2,13.9,14.6,14.6,-9.2,-9.2,-7.2,49,52,37,31,34,36,144,147,143,92,89,94,4,462,148,462,105,-1.911764706,-1.911764706,"FQHC, CHA/P Site",3,Class III,Current,4,36,13,34.2857143,12.3809524,2.76923077,0.55238095,3,4,1,1,0,0,1866,16.8108108,145765,1313.1982,262905,1,7,1,66.5633,-152.6445,2,185,1,-9999,-9999,85,0,105,79,115,174,163,170,97,105,111,-1.911764706,1.428571429,37.14285714,95.41,33.33333333,7.619047619,36,13,34.28571429,12.38095238,2.769230769,2011,CSIS,1,0.98,0.93,1,0.88,1,0.81,0.62,0.6,0.64,0.52,0.81,0.9,0.76,0.43,0.88,0.64,0.95,0.86,0.64,0.62,0.81,0.52,0.86,0.67,0.4,0.36,0.6,0.4,0.67,0.88,0.69,0.24,0.74,0.48,0.93,0.17,0.11,0.01,0.15,0.06,0.23
Anderson,0,0,257,205,14,14,6,18,79.766537,5.44747082,14.7859922,5.44747082,2.33463035,7.00389105,6.92,0,0,1,0,0,3.7037037,2.4,4450,0,53,64,34,2,74375,44005,-9999,1484.7512,8.74162679,1,0,0.08130081,0,0,0,1,7.72357724,3.16666667,0,0,1,5.26315789,1.7699115,98.2300885,55.7522124,15.0442478,6.19469027,15.5172414,84.4827586,63.7931034,37.9310345,10.3448276,96.2962963,0,0,3.7037037,1398245,1398245,  ,  ,  ,  ,,,  ,  ,  ,  ,  ,  ,  ,  ,  ,  ,  ,  ,  ,  ,  ,  , 3.84667 , 3.84667 , 3.55667 , 4.22500 , 5.57000 ,0.004301298,167,172,171,108,102,106,275,274,277,-19.4,-21.2,-19.5,-0.3,0.4,-0.7,15.8,16.3,16.2,-5.9,-6.4,-5.1,39,36,30,34,27,33,158,166,169,76,57,49,12,600,129,600,246,-3.041401274,-3.041401274,PH Nursing,1,Class III,Current,4,24,10,9.75609756,4.06504065,2.4,0.58943089,1,4,0,1,0,1,-9999,-9999,-9999,-9999,-9999,0,3.48,5,64.3431,-149.1883,2,75,0,-9999,-9999,-9999,-9999,-9999,-9999,341,362,517,628,367,246,209,-3.041401274,-3.760162602,41.46341463,6.92,23.98373984,8.943089431,24,10,9.756097561,4.06504065,2.4,1987,CSIS,0.85,0.83,0.83,,,,0.72,0.62,0.56,,,,0.59,0.42,0.23,,,,0.74,0.65,0.61,,,,0.5,0.34,0.32,,,,0.53,0.38,0.12,,,,0.28,0.11,0.1,,,
Anvik,1,2,84,82,0,2,0,0,97.6190476,0,2.38095238,2.38095238,0,0,93.18,1,1,1,12.8205128,0,8.97435897,2.9,1500,20.6,84,39,62,0,21875,11540,30.3,2482.51899,0,0,0,0.08235294,794,9.34,11.61,1,14.1176471,4,-9999,0,0,0,6.89655172,86.2068966,41.3793103,6.89655172,0,0,100,75,12.5,0,78.2051282,12.8205128,0,8.97435897,1398335,1398335, 0.57965 , 0.40783 , 0.17179 , 3.52000 ," 35,573.00000 "," 427,812.00000 ", 0.33543 , 0.62522 , 0.59741 , 0.96321 ,  , 0.64750 , 0.44083 , 0.20667 , 3.40333 ,"34,728 ","435,376 ", 0.31451 , 0.79010 , 0.65083 , 0.76454 ,  , 5.33333 ,  ,  , 6.00000 , 9.12000 ,0.003502973,163,172,172,117,108,112,280,280,284,-14,-15.7,-13.7,-2,-0.9,-1.6,12.5,13.2,13.5,-2.6,-2.4,-1.4,96,101,115,96,99,118,156,160,167,140,155,178,3,307,65,307,85,0.182926829,0.182926829,"FQHC, CHA/P Site",3,Class III,Current,4,14,9,16.4705882,10.5882353,1.55555556,0.54117647,3,4,1,1,2,0,815,10.3164557,78874,998.405063,160939,1,6,4,62.6522,-160.198,2,410,0,166,151,140,79,110,99,120,83,114,82,104,85,79,0.182926829,-1.764705882,45.88235294,93.18,36.47058824,5.882352941,14,9,16.47058824,10.58823529,1.555555556,2011,CSIS,1,0.92,0.88,0.83,0.54,1,0.75,0.54,0.54,0.38,0.25,0.75,0.88,0.75,0.42,0.54,0.17,0.96,1,0.83,0.83,0.5,0.46,1,1,0.79,0.79,0.38,0.33,1,0.88,0.75,0.42,0.5,0.17,0.96,0,0,0,0,0,0
Arctic Village,0,1,115,92,11,8,4,0,80,9.56521739,10.4347826,6.95652174,3.47826087,0,89.51,1,1,1,62.8571429,18.0952381,8.57142857,19.6,2940,64.7,80,20,79,1,27500,15769,35.2,-9999,488.411458,1,0,0.02631579,39856,262.21,301.46,1,23.0263158,7,0,0,3,8.57142857,28.9473684,71.0526316,52.6315789,10.5263158,10.5263158,12.9032258,87.0967742,61.2903226,9.67741935,3.22580645,28.5714286,62.8571429,18.0952381,8.57142857,1398382,1398382,  ,  ,  ,  ,,,  ,  ,  ,  ,  , 0.90000 , 0.47000 , 0.43000 , 6.61333 ,"46,820 ","539,576 ", 0.17096 , 2.20485 , 1.06028 , 0.78078 , 0.06490 , 8.66667 ,  ,  ,10.0 , 13.98000 ,0.002014946,136,142,142,128,122,125,264,264,267,-25.3,-26.4,-24.2,-7.9,-6.1,-7.6,12.9,13.6,13.4,-12,-11.3,-9.6,54,51,44,35,33,30,182,145,157,98,61,41,1,158,40,158,152,2.916666667,2.916666667,"FQHC, CHA/P Site",3,Class III,Current,4,37,14,24.3421053,9.21052632,2.64285714,0.55921053,3,4,1,1,0,0,1775,9.24479167,205874,1072.26042,213598,1,11,0,68.1285,-145.5355,1,235,0,-9999,40,0,40,24,53,110,85,111,96,152,152,192,2.916666667,6.578947368,43.42105263,89.51,33.55263158,7.236842105,37,14,24.34210526,9.210526316,2.642857143,2002,CSIS,,,,,,,0.8,,0.42,,,,,,,,,,,,,,,,,,,,,,,,,,,,,,,,,
Beaver,1,2,86,72,5,9,0,0,83.7209302,5.81395349,10.4651163,10.4651163,0,0,97.65,1,1,1,27.5,11.25,2.5,7.9,5600,39.5,78,17,83,0,22500,13997,34.7,-9999,0,0,0,0.02380952,295296,3515.43,409.2,1,9.52380952,8,-9999,0,0,0,23.5294118,76.4705882,41.1764706,2.94117647,0,21.4285714,78.5714286,46.4285714,17.8571429,10.7142857,70,27.5,11.25,2.5,1398776,1398776, 0.52500 , 0.37983 , 0.14517 , 4.63417 ," 43,916.00000 ",, 0.19288 , 0.83131 , 1.11477 , 0.23908 , -   , 0.90000 , 0.56917 , 0.33083 , 4.89083 ,"31,141 ","296,851 ", 0.23582 , 1.16658 , 0.77446 , 0.82963 , 0.38883 ,  ,  ,  ,  ,  ,0.004263573,157,164,162,114,107,112,271,271,274,-23.9,-25.7,-23.9,-2.8,-1.7,-3.1,15.6,16.2,16,-8.6,-8.7,-7.2,60,49,42,33,23,29,116,111,123,83,53,41,4,516,122,516,84,-0.922330097,-0.922330097,"FQHC, CHA/P Site",3,Class III,Current,4,5,8,5.95238095,9.52380952,0.625,0.66666667,3,4,1,1,1,0,945,16.2931035,80312,1384.68966,23434,1,9,0,66.3604,-147.3972,1,105,1,-9999,-9999,-9999,103,88,101,101,101,66,103,84,84,58,-0.922330097,-7.738095238,48.80952381,97.65,29.76190476,7.142857143,5,8,5.952380952,9.523809524,0.625,2011,CSIS,1,0.96,0.92,0.96,0.72,1,0.52,0.32,0.32,0.24,0.12,0.52,1,0.72,0.44,0.8,0.36,1,1,0.48,0.48,0.68,0.32,1,1,0.44,0.44,0.68,0.32,1,0.96,0.64,0.32,0.76,0.32,0.96,0,0,0,0,0,0
Bettles,0,0,11,9,2,0,0,0,81.8181818,18.1818182,0,0,0,0,14.29,1,0,1,0,0,0,0,-9999,0,57,77,23,0,76250,43884,-9999,8315.46154,2126.76923,1,0,0.41666667,733,61.05,79.2,0,0,-9999,-9999,-9999,-9999,-9999,0,100,77.7777778,55.5555556,22.2222222,0,100,0,0,0,100,0,0,0,1926949,1926949, 0.66635 , 0.39373 , 0.27262 , 3.67333 ," 53,661.00000 "," 646,697.00000 ", 0.48634 , 0.58134 , 0.57658 , 1.74035 ,  , 0.72000 , 0.50417 , 0.21583 , 4.41750 ,"47,322 ","574,741 ", 0.33651 , 0.52135 , 0.56112 , 1.53014 ,  , 5.00000 ,  ,  , 7.45000 , 8.47000 ,0.002831344,151,161,159,118,110,115,269,271,274,-21.5,-22.5,-21.4,-3.7,-2.2,-3.6,14.1,14.9,14.8,-8.3,-8.4,-6.3,83,95,62,64,66,68,172,153,166,104,100,98,12,378,114,378,12,-3.333333333,-3.333333333,"FQHC, CHA/P Site",3,Class III,Current,4,1,1,8.33333333,8.33333333,1,2.08333333,3,4,0,0,0,0,2179,167.615385,164733,12671.7692,31981,1,7.45,0,66.9164,-151.5188,2,180,0,-9999,-9999,-9999,23,10,47,77,57,49,36,43,12,13,-3.333333333,2.083333333,41.66666667,14.29,0,8.333333333,1,1,8.333333333,8.333333333,1,2011,CSIS,1,0.88,0.88,1,0.88,1,0.5,0.38,0.25,0.25,0,0.5,0.88,0.38,0.38,0.88,0.38,0.88,0.63,0.38,0.25,0.5,0.13,0.63,0.38,0.13,0.13,0.25,0.13,0.38,0.75,0.38,0.25,0.63,0.25,0.75,0.63,0.25,0.25,0.5,0.25,0.63
Big Delta,0,0,590,438,109,0,0,0,74.2372881,18.4745763,0,0,0,0,3.58,0,0,0,0,0,26.9379845,0,-9999,0,41,85,12,3,57885,23059,13,-9999,0,0,0,0.00507614,0,0,0,1,69.3739425,12.8125,-9999,-9999,-9999,-9999,3.47826087,96.5217391,41.3043478,30.8695652,4.7826087,0,98.2248521,50.295858,31.9526627,0,73.0620155,0,0,26.9379845,1398949,1398949,  ,  ,  ,  ,,,  ,  ,  ,  ,  ,  ,  ,  ,  ,,,  ,  ,  ,  ,  ,  ,  ,  ,  ,  ,0.003710594,165,175,174,108,99,103,273,274,277,-18.1,-19.5,-17.8,-0.6,0.8,-0.3,13.8,14.8,14.7,-6.1,-6,-4.7,39,37,30,37,38,26,178,141,182,85,62,43,14,460,186,460,591,2.3875,2.3875,FQHC Site,3,Class II,Current,4,-9999,-9999,-99999,-9999,-9999,0.51607445,3,4,0,1,0,1,-9999,-9999,-9999,-9999,-9999,0,3.5,5,64.1472,-145.8346,1,85,0,-9999,-9999,-9999,-9999,-9999,155,0,0,285,400,749,591,534,2.3875,-2.411167513,47.20812183,3.58,30.45685279,9.137055838,-9999,-9999,-99999,-9999,-9999,,,,,,,,,,,,,,,,,,,,,,,,,,,,,,,,,,,,,,,,,,,,
Birch Creek,0,1,11,11,0,0,0,0,100,0,0,0,0,0,100,1,1,1,54.5454545,54.5454545,0,88.9,3938,55.6,43,44,56,0,4583,8792,75,-9999,0,0,0,0,0,0,0,0,0,-9999,-9999,-9999,-9999,-9999,55.5555556,44.4444444,0,0,0,0,100,0,0,0,45.4545455,54.5454545,54.5454545,0,1399049,1399049,  ,  ,  ,  ,,,  ,  ,  ,  ,  ,  ,  ,  ,  ,,,  ,  ,  ,  ,  ,  ,  ,  ,  ,  ,0.004670209,155,163,161,115,108,112,270,271,273,-25.4,-27.1,-25,-3.8,-2.3,-3.7,15.5,16.1,16,-9.4,-9,-7.6,59,52,45,30,31,23,107,88,102,87,55,34,3,499,132,499,33,-1.071428571,-1.071428571,"FQHC, CHA/P Site",3,Class III,Current,4,-9999,3,-9999,9.09090909,-9999,0.54545455,3,4,1,0,0,0,254,11.5454546,24002,1091,6912,1,5.01,1,66.263,-145.8179,1,110,1,-9999,-9999,-9999,-9999,32,0,32,45,32,42,28,33,22,-1.071428571,-8.333333333,45.45454545,100,15.15151515,3.03030303,-9999,3,-9999,9.090909091,-9999,2005 & 2010 (mammals),CSIS,,,,,,,1,1,1,,,,,,,,,,1,1,1,,,,,,,,,,1,0.6,0.33,1,1,,0.4,0.67,0,0.4,0.33,
Central,1,9,91,77,12,2,0,0,84.6153846,13.1868132,2.1978022,2.1978022,0,0,6.06,0,0,1,0,0,0,20,4067,6.7,22,75,10,15,45313,25522,7.5,-9999,0,0,0,0.15625,12050,125.52,159.86,0,0,-9999,-9999,-9999,-9999,-9999,15,85,55,10,10,0,100,66.6666667,33.3333333,0,100,0,0,0,1400106,1400106, 0.55790 , 0.43463 , 0.14870 , 3.30250 ," 43,540.00000 "," 460,497.00000 ", 0.15983 , 0.53765 , 0.38842 , 1.23427 ,  , 0.72250 , 0.46917 , 0.25333 , 3.45667 ,"46,041 ","537,849 ", 0.16427 , 0.61027 , 0.42867 , 1.62154 ,  ,  ,  ,  , 4.23000 ,  ,0.005061726,154,163,161,116,108,112,270,271,273,-23.1,-24.5,-22.3,-3.7,-1.9,-3.2,14.2,15.2,15,-8.9,-8.4,-7,40,37,31,27,30,20,155,119,141,92,63,42,8,591,131,590,96,4.230769231,4.230769231,PH Nursing,1,Class III,Never Permitted,1,5,10,5.20833333,10.4166667,0.5,1.79166667,1,1,1,0,0,1,12,0.13953488,1975,22.9651163,24046,1,3.6,1,65.5707,-144.822,1,125,0,0,0,0,0,0,0,28,26,36,52,134,96,86,4.230769231,-2.604166667,46.875,6.06,17.70833333,19.79166667,5,10,5.208333333,10.41666667,0.5,2005,CSIS,,,,,,,0.56,0.51,0.49,,,,,,,,,,0.56,0.51,0.49,,,,,,,,,,,,,,,,,,,,,
Chalkyitsik,0,2,84,69,8,7,0,0,82.1428571,9.52380952,8.33333333,8.33333333,0,0,85.51,1,1,1,21.3333333,4,0,6.7,1600,36.7,83,11,89,0,38750,12628,33.8,-9999,0,0,0,0.04347826,7044,102.08,115.43,1,20.2898551,7,-9999,0,0,0,4.34782609,95.6521739,34.7826087,13.0434783,0,22.7272727,77.2727273,40.9090909,22.7272727,4.54545455,78.6666667,21.3333333,4,0,1400128,1400128, 0.95000 , 0.38680 , 0.50980 , 4.08500 ," 11,522.00000 "," 150,630.00000 ", 0.08753 , 0.33933 , 0.44546 , 1.74979 ,  , 0.95000 , 0.56500 , 0.38500 , 5.76250 ,"32,889 ","376,658 ", 0.11754 , 0.79365 , 1.45908 , 2.30100 , 0.34932 , 6.30000 ,  , 6.09000 , 6.62500 , 6.15000 ,0.004726505,154,165,164,116,106,111,270,271,275,-25.2,-26.5,-24,-4,-2,-3.4,14.9,15.8,15.7,-9.2,-8.4,-6.8,50,46,43,23,26,18,119,94,96,81,56,36,4,354,125,355,69,-1.166666667,-1.166666667,CHA/P Site,2,Class III,Never Permitted,1,14,8,20.2898551,11.5942029,1.75,0.97101449,2,1,1,1,0,0,821,10.6623377,201496,2616.83117,55812,1,8,1,66.6504,-143.7279,1,170,1,-9999,-9999,-9999,-9999,-9999,-9999,57,130,100,90,83,69,77,-1.166666667,2.898550725,49.27536232,85.51,40.57971014,10.14492754,14,8,20.28985507,11.5942029,1.75,2000,,,,,,,,,,,,,,,,,,,,,,,,,,,,,,,,1,0.33,0.33,1,0.93,,0,0,0,0,0,
Chicken,0,0,0,-9999,-9999,-9999,-9999,-9999,-9999,-9999,-9999,-9999,-9999,-9999,0,0,0,1,-9999,-9999,-9999,0,-9999,0,-9999,-9999,-9999,-9999,-9999,-9999,0,-9999,0,0,0,1.42857143,0,0,0,0,0,-9999,-9999,-9999,-9999,-9999,-9999,-9999,-9999,-9999,-9999,-9999,-9999,-9999,-9999,-9999,-9999,-9999,-9999,-9999,1400245,1400245,  ,  ,  ,  ,,,  ,  ,  ,  ,  ,  ,  ,  ,  ,,,  ,  ,  ,  ,  ,  ,  ,  , 4.57500 ,  ,0.003649993,162,169,165,110,103,109,272,272,274,-23,-23.6,-21.7,-1.8,-0.5,-2,12.9,13.6,13.4,-7.8,-7.8,-6.6,35,34,34,35,36,22,141,144,115,60,52,41,7,281,85,280,7,-9999,-9999,PH Nursing,1,N/V,N/V,-9999,-9999,2,-9999,28.5714286,-9999,2.28571429,1,-9999,0,0,0,1,37,6.16666667,5634,939,12231,1,3.8,0,64.0733,-141.9361,1,180,0,0,0,0,0,0,0,0,0,0,0,17,7,6,-9999,-3.571428571,42.85714286,0,0,0,-9999,2,-9999,28.57142857,-9999,,,,,,,,,,,,,,,,,,,,,,,,,,,,,,,,,,,,,,,,,,,,
Circle,0,2,103,91,11,1,0,0,88.3495146,10.6796117,0.97087379,0.97087379,0,0,81.82,1,1,1,28.9473684,11.8421053,1.31578947,33.3,5350,63.9,53,30,68,2,17361,12747,58.3,-9999,0,0,0,0.08653846,9677.5,93.05,95.05,1,25,13,100,2,2,7.69230769,38.7096774,61.2903226,3.22580645,0,0,41.1764706,58.8235294,35.2941176,0,0,69.7368421,28.9473684,11.8421053,1.31578947,1400404,1400404, 0.62750 , 0.41402 , 0.21348 , 3.42333 ," 32,105.00000 "," 331,280.00000 ", 0.25346 , 0.98080 , 0.17025 , 3.06861 ,  , 0.78583 , 0.52500 , 0.26167 , 3.77417 ,"37,589 ","410,240 ", 0.29846 , 0.97017 , 0.21883 , 2.85156 ,  , 3.83000 ,  ,  , 5.50000 ,  ,0.004860073,152,160,160,118,111,114,270,271,274,-25.5,-26.8,-24.4,-4.8,-2.9,-4.2,15.2,16.2,16,-9.4,-8.8,-7.3,51,48,43,17,20,14,91,73,79,83,60,36,18,471,126,471,104,2.123287671,2.123287671,"FQHC, CHA/P Site",3,Class III,Current,4,19,15,18.2692308,14.4230769,1.26666667,0.5,3,4,1,1,1,1,336,2.82352941,21409,179.907563,14568,1,3.3,0,65.8267,-144.0668,1,119,1,242,144,96,50,98,83,41,54,81,73,100,104,119,2.123287671,3.605769231,51.92307692,81.82,32.69230769,12.5,19,15,18.26923077,14.42307692,1.266666667,2005 & 2010 (mammals),CSIS,,,,,,,0.42,0.15,0.15,,,,,,,,,,,,,,,,,,,,,,0.53,0.47,0.33,0.27,0.2,,0.07,0.07,0.07,0.07,0,
Coldfoot,0,0,11,3,0,0,4,4,27.2727273,0,72.7272727,0,36.3636364,36.3636364,10,0,0,1,0,0,0,-9999,-9999,-9999,59,80,0,20,-9999,-9999,-9999,-9999,0,0,0,0,0,0,0,0,0,-9999,-9999,-9999,-9999,-9999,0,100,42.8571429,0,0,100,0,0,0,0,100,0,0,0,1412829,1412829,  ,  ,  ,  ,,,  ,  ,  ,  ,  ,  ,  ,  ,  ,,,  ,  ,  ,  ,  ,  ,  ,  ,  ,  ,0.002403985,150,160,159,118,110,114,268,270,273,-20.7,-21.7,-20.5,-3.4,-1.9,-3.4,13.4,14.2,14,-8.5,-8.5,-6.5,101,107,76,57,54,56,214,182,205,136,122,110,3,300,86,300,10,-9999,-9999,"PH Nursing, Fbks itinerant nurse",1,Class I,Current,4,1,-9999,10,-9999,-9999,1.1,1,4,0,0,0,1,6106,678.444444,8139,904.333333,2009,1,-9999,1,67.2562,-150.1896,1,180,0,-9999,-9999,-9999,-9999,-9999,-9999,-9999,-9999,-9999,-9999,13,10,9,-9999,-2.5,40,10,20,10,1,-9999,10,-9999,-9999,2011,CSIS,1,1,1,1,0.5,1,0,0,0,0,0,0,1,0.5,0.25,0.75,0.5,1,0.25,0,0,0.25,0,0.25,0.25,0,0,0.25,0,0.25,0.25,0,0,0.25,0,0.25,0.75,0.5,0.25,0.5,0.5,0.75
College,0,0,14360,9963,2672,854,772,99,69.3802228,18.6072423,12.0125348,5.94707521,5.37604457,0.68941504,13.03,0,0,1,0.52298976,0.07263747,11.4767197,2.76,6036,6.39,67,71,10,19,68627,32065,9.2,-9999,0,0,0,0.00408824,0,0,0,1,3.88768899,17.38,-9999,-9999,-9999,-9999,4.54069889,76.0200879,51.7890772,22.4733208,19.1881147,6.05786618,92.698915,77.7350814,49.9321881,18.6708861,88.0002905,0.52298976,0.07263747,11.4767197,1400578,1400578,  ,  ,  ,  ,,,  ,  ,  ,  ,  ,  ,  ,  ,  ,,,  ,  ,  ,  ,  ,  ,  ,  ,  ,  ,0.00456687,173,177,176,103,98,102,276,275,278,-19,-21.4,-19.6,1,1.5,0.3,15.6,16.1,15.9,-5.4,-5.9,-4.7,43,38,35,34,24,27,136,148,163,74,54,41,21,586,205,586,12964,0.762289981,0.762289981,General Acute Care Hospital,5,Class I,Current,4,-9999,-9999,-9999,-9999,-9999,0.40195927,5,4,0,1,0,1,-9999,-9999,-9999,-9999,-9999,0,3.04,7,64.8569,-147.8028,1,3,0,-9999,-9999,-9999,61,234,424,1755,3434,4043,11249,11402,12964,13092,0.762289981,0.246837396,47.67047208,13.03,26.88984881,7.073434125,-9999,-9999,-9999,-9999,-9999,,,,,,,,,,,,,,,,,,,,,,,,,,,,,,,,,,,,,,,,,,,,
Delta Junction,0,11,1054,936,84,30,4,0,88.8045541,7.96963947,3.22580645,2.84629981,0.37950664,0,5.29,0,0,0,0,0,22.983871,3.98,3907,5.4,49,83,13,4,81875,33476,9.1,1919.3921,0,0,0,0.47703549,379275.8,395.9,475.92,1,43.8413361,12.7272727,72,28,39,9.28571429,3.50877193,96.4912281,70.1754386,39.0977444,6.26566416,5.8419244,94.1580756,74.5704467,40.8934708,16.4948454,77.016129,0,0,22.983871,1401104,1401104,  ,  ,  ,  ,,,  ,  ,  ,  ,  ,  ,  ,  ,  ,,,  ,  ,  ,  ,  , 3.55667 , 3.00000 , 3.12000 , 3.97000 , 4.50000 ,0.003608256,165,175,173,109,99,104,274,274,277,-17.5,-18.8,-17.2,-0.6,0.8,-0.3,13.6,14.6,14.4,-6,-5.8,-4.5,36,34,27,43,45,30,188,147,191,90,66,45,20,436,172,436,958,2.346625767,2.346625767,FQHC,3,Class II,Current,4,719,173,75.0521921,18.0584551,4.15606936,0.53966597,3,4,0,1,1,1,-9999,-9999,-9999,-9999,-9999,0,3.5,5,64.0428,-145.7141,2,80,0,-9999,-9999,-9999,-9999,-9999,-9999,-9999,703,945,652,840,958,1089,2.346625767,3.418580376,45.09394572,5.29,30.37578288,8.66388309,719,173,75.05219207,18.05845511,4.156069364,,,,,,,,,,,,,,,,,,,,,,,,,,,,,,,,,,,,,,,,,,,,
Dot Lake,0,0,0,-9999,-9999,-9999,-9999,-9999,-9999,-9999,-9999,-9999,-9999,-9999,28.57,1,0,1,-9999,-9999,-9999,-9999,-9999,-9999,39,78,11,11,-9999,-9999,-9999,-9999,0,0,0,0,0,0,0,1,23.0769231,5.5,100,3,3,100,-9999,-9999,-9999,-9999,-9999,-9999,-9999,-9999,-9999,-9999,-9999,-9999,-9999,-9999,1401364,1401364, 0.44228 , 0.27647 , 0.16581 , 2.82083 ,,, 0.32482 , 0.75862 , 3.25258 , 1.81080 ,  , 0.48667 , 0.28417 , 0.20083 , 3.76667 ,,0 , 0.32836 , 0.81947 , 0.70454 , 2.15602 ,  , 4.09667 ,  ,  , 4.42500 , 4.40000 ,0.003418393,167,176,173,107,99,104,274,275,277,-18.3,-19.2,-17.7,-0.5,0.7,-0.5,13.3,14.2,14,-5.8,-5.8,-4.6,39,35,32,50,52,34,126,113,120,58,47,35,4,357,105,357,13,-2.17,-2.17,"FQHC, CHA/P Site",3,Class III,Current,4,3,6,23.0769231,46.1538462,0.5,1.76923077,3,4,0,1,0,1,-9999,-9999,-9999,-9999,-9999,0,3.7,3,63.6638,-144.0688,1,135,0,-9999,-9999,-9999,-9999,-9999,-9999,19,14,22,23,19,13,11,-2.17,-3.846153846,30.76923077,28.57,23.07692308,0,3,6,23.07692308,46.15384615,0.5,2011,CSIS,1,0.79,0.79,,,,0.79,0.36,0.36,,,,0.93,0.5,0.21,,,,1,0.5,0.5,,,,1,0.43,0.43,,,,0.93,0.5,0.14,,,,0.14,0.71,0.71,,,
Dot Lake Village,0,0,38,21,17,0,0,0,55.2631579,44.7368421,0,0,0,0,83.82,1,1,1,5.88235294,0,2.94117647,14.3,2600,28.57,38,22,78,0,22500,11394,52,-9999,774.390244,1,1,0,0,0,0,1,-9999,-9999,100,3,3,-9999,7.69230769,92.3076923,23.0769231,0,0,28.5714286,71.4285714,42.8571429,0,0,91.1764706,5.88235294,0,2.94117647,1865550,1401364, 0.44228 , 0.27647 , 0.16581 , 2.82083 ,,, 0.32482 , 0.75862 , 3.25258 , 1.81080 ,  , 0.48667 , 0.28417 , 0.20083 , 3.76667 ,,0 , 0.32836 , 0.81947 , 0.70454 , 2.15602 ,  ,  ,  ,  ,  ,  ,0.003413659,167,176,173,107,99,104,274,275,277,-18.4,-19.3,-17.7,-0.6,0.7,-0.5,13.3,14.2,14,-5.8,-5.8,-4.7,39,35,32,51,53,34,127,114,120,58,46,35,3,355,105,355,62,1.6,1.6,"FQHC, CHA/P Site",3,Class III,Current,4,-9999,-9999,-9999,-9999,-9999,0.4516129,3,4,1,1,0,1,-9999,-9999,-9999,-9999,-9999,0,3.7,3,63.6556,-144.0493,1,135,0,-9999,-9999,-9999,-9999,-9999,-9999,37,28,45,47,38,62,41,1.6,-8.467741935,45.16129032,83.82,43.5483871,6.451612903,-9999,-9999,-9999,-9999,-9999,,,,,,,,,,,,,,,,,,,,,,,,,,,,,,,,,,,,,,,,,,,,
Dry Creek,0,0,88,72,0,16,0,0,81.8181818,0,18.1818182,18.1818182,0,0,0,0,0,1,0,0,0,0,-9999,0,29,85,5,10,-9999,-9999,20,-9999,0,0,0,0.0212766,0,0,0,0,0,-9999,-9999,-9999,-9999,-9999,0,100,68.1818182,0,0,0,100,58.8235294,29.4117647,29.4117647,100,0,0,0,1866943,1866943,  ,  ,  ,  ,,,  ,  ,  ,  ,  ,  ,  ,  ,  ,,,  ,  ,  ,  ,  ,  ,  ,  ,  ,  ,0.003359456,169,177,175,106,98,103,275,275,278,-17.7,-18.7,-17.2,-0.2,1.1,0,13.8,14.7,14.5,-5.6,-5.6,-4.4,46,43,36,56,57,37,175,150,171,96,74,54,n/a,380,125,380,94,-0.566037736,-0.566037736,PH Nursing,1,Class III,Current,4,-9999,1,-9999,1.06382979,-9999,0.5,1,4,0,0,0,1,-9999,-9999,-9999,-9999,-9999,0,-9999,3,63.6752,-144.6018,1,125,0,-9999,-9999,-9999,-9999,-9999,-9999,-9999,-9999,-9999,106,128,94,102,-0.566037736,2.127659574,55.31914894,0,40.42553191,17.0212766,-9999,1,-9999,1.063829787,-9999,2011,CSIS,1,0.78,0.78,,,,0.74,0.44,0.41,,,,1,0.52,0.37,,,,1,0.48,0.44,,,,1,0.15,0.04,,,,1,0.52,0.37,,,,0.81,0.22,0.19,,,
Eagle,2,9,74,68,1,4,1,0,91.8918919,1.35135135,6.75675676,5.40540541,1.35135135,0,9.2,0,0,1,0,0,5.55555556,28.6,4850,32.14,38,46,41,13,37000,15771,36.4,5000.45679,0,0,2,0.23255814,0,0,263.77,1,31.3953488,13.5,-9999,0,0,0,11.1111111,88.8888889,44.4444444,11.1111111,0,6.66666667,93.3333333,60,26.6666667,0,94.4444444,0,0,5.55555556,1401499,1401499, 0.62435 , 0.40373 , 0.22062 , 3.74917 ," 61,243.00000 "," 747,927.00000 ", 0.20547 , 0.33155 , 0.21342 , 1.14863 ,  , 0.67083 , 0.45500 , 0.21417 , 3.88333 ,"52,528 ","730,320 ", 0.21652 , 0.57776 , 0.10861 , 0.83357 ,  , 4.73333 ,  , 3.87000 , 4.62500 , 4.87000 ,0.003616843,166,174,171,109,101,107,275,275,278,-21,-21.7,-19.4,-1.6,-0.1,-1.7,14,14.7,14.5,-6.3,-6.3,-4.8,52,50,48,48,51,34,138,140,110,78,67,53,8,259,76,259,86,-2.44047619,-2.44047619,PH Nursing,1,Class III,Current,4,18,19,20.9302326,22.0930233,0.94736842,1.74418605,1,4,1,1,1,1,645,7.96296296,69404,856.839506,119924,1,5,0,64.7869,-141.2027,2,190,1,383,178,98,54,73,55,92,36,110,168,129,86,81,-2.44047619,-1.453488372,47.6744186,9.2,20.93023256,19.76744186,18,19,20.93023256,22.09302326,0.947368421,2004,CSIS,,,,,,,0.58,0.49,0.47,,,,0.86,0.74,0.24,,,,,,,,,,,,,,,,0.77,0.71,0.09,,,,0.61,0.61,0.14,,,
Eagle Village,0,0,11,11,0,0,0,0,100,0,0,0,0,0,40.58,1,1,1,45.4545455,0,18.1818182,9.1,4700,72.7,49,47,29,24,14500,14458,37.5,-9999,0,0,2,0,17778,265.34,0,1,-9999,-9999,-9999,0,0,-9999,42.8571429,57.1428571,14.2857143,0,0,0,100,100,0,0,36.3636364,45.4545455,0,18.1818182,1401553,1401499, 0.62435 , 0.40373 , 0.22062 , 3.74917 ," 61,243.00000 "," 747,927.00000 ", 0.20547 , 0.33155 , 0.21342 , 1.14863 ,  , 0.67083 , 0.45500 , 0.21417 , 3.88333 ,"52,528 ","730,320 ", 0.21652 , 0.57776 , 0.10861 , 0.83357 ,  ,  ,  ,  ,  ,  ,0.003583316,166,173,170,109,101,107,275,274,277,-20.9,-21.7,-19.4,-1.6,-0.1,-1.7,13.9,14.7,14.4,-6.3,-6.4,-4.9,51,50,47,44,47,32,138,140,110,79,68,55,7,256,75,256,67,4.571428571,4.571428571,"FQHC, CHA/P Site",3,Class III,Current,4,-9999,1,-9999,1.49253731,-9999,0.73134328,3,4,0,1,1,1,-9999,-9999,-9999,-9999,-9999,0,5,1,64.7806,-141.1136,1,190,0,-9999,-9999,60,78,63,0,0,0,54,35,68,67,65,4.571428571,-0.746268657,43.28358209,40.58,26.86567164,8.955223881,-9999,1,-9999,1.492537313,-9999,2000,,,,,,,,,,,,,,,,,,,,,,,,,,,,,,,,,,,,,,,,,,,
Eielson AFB,0,0,2576,1733,144,75,529,95,67.2748447,5.59006211,27.1350932,2.91149068,20.5357143,3.6878882,1.91,0,0,0,0,0,6.6205106,0,-9999,0,19,73,21,6,71800,22668,1.5,-9999,0,0,0,0.00982244,0,0,0,1,32.4896109,14.83,90,38,42,4.88372093,0,100,91.8128655,51.4619883,21.4424951,0,100,85.3107345,58.9453861,7.53295669,93.3794894,0,0,6.6205106,2418568,2418568,  ,  ,  ,  ,,,  ,  ,  ,  ,  ,  ,  ,  ,  ,,,  ,  ,  ,  ,  ,  ,  ,  ,  ,  ,0.004276099,171,176,175,105,99,103,276,275,278,-19,-21.1,-19.3,0.4,1.2,0,15.3,16,15.8,-5.5,-5.8,-4.6,36,32,26,33,29,26,167,159,186,84,58,42,18,534,223,534,2647,-2.479527709,-2.479527709,General Acute Care Hospital,5,Class I,Current,4,1114,13,42.0853797,0.49112203,85.6923077,0.32036267,5,4,0,1,0,1,-9999,-9999,-9999,-9999,-9999,0,3.05,7,64.6701,-147.0811,1,25,0,-9999,-9999,-9999,-9999,-9999,-9999,-9999,6149,5232,5251,5400,2647,2205,-2.479527709,-4.174537212,43.78541745,1.91,40.87646392,0.113335852,1114,13,42.08537968,0.491122025,85.69230769,,,,,,,,,,,,,,,,,,,,,,,,,,,,,,,,,,,,,,,,,,,,
Ester,0,0,2653,1664,737,212,8,32,62.7214474,27.7798718,9.49868074,7.99095364,0.30154542,1.20618168,9.38,0,0,0,1.24387486,0,0.07538636,5.9,8333,2.4,65,64,11,25,52064,33527,18.5,-9999,0,0,0,0.17382329,4940.7,2.04,2.25,1,-9999,-9999,-9999,-9999,-9999,-9999,8.47457627,91.5254237,69.6798493,38.9830508,9.3220339,5.64738292,94.3526171,77.5482094,43.5261708,23.0027548,98.6807388,1.24387486,0,0.07538636,1397658,1397658,  ,  ,  ,  ,,,  ,  ,  ,  ,  ,  ,  ,  ,  ,,,  ,  ,  ,  ,  , 3.07000 , 2.31000 , 3.31333 , 3.98500 , 5.48000 ,0.00460525,170,175,173,106,99,104,276,274,277,-17.1,-19.5,-17.7,0.6,1.2,-0.1,15.1,15.6,15.4,-5.2,-5.7,-4.5,48,42,38,40,27,32,149,159,173,88,60,47,19,585,200,585,2422,77.38095238,77.38095238,General Acute Care Hospital,5,Class I,Current,4,37,13,1.52766309,0.53674649,2.84615385,0.50743187,5,4,0,1,0,1,-9999,-9999,-9999,-9999,-9999,0,3.05,7,64.8554,-147.9768,1,10,0,0,0,0,0,218,74,81,264,149,147,1680,2422,2546,77.38095238,1.279933939,45.45829893,9.38,21.13955409,7.018992568,37,13,1.527663088,0.536746491,2.846153846,,,,,,,,,,,,,,,,,,,,,,,,,,,,,,,,,,,,,,,,,,,,
Evansville,0,0,21,12,2,7,0,0,57.1428571,9.52380952,33.3333333,33.3333333,0,0,53.33,1,1,1,33.3333333,0,9.52380952,28.6,2250,0,-9999,-9999,-9999,-9999,30625,29505,0,-9999,0,0,0,0,0,0,0,0,0,-9999,-9999,-9999,-9999,-9999,0,100,100,50,0,14.2857143,85.7142857,85.7142857,28.5714286,0,57.1428571,33.3333333,0,9.52380952,1401936,1926949, 0.66635 , 0.39373 , 0.27262 , 3.67333 ," 53,661.00000 "," 646,697.00000 ", 0.48634 , 0.58134 , 0.57658 , 1.74035 ,  , 0.72000 , 0.50417 , 0.21583 , 4.41750 ,"47,322 ","574,741 ", 0.33651 , 0.52135 , 0.56112 , 1.53014 ,  ,  ,  ,  , 7.45000 , 8.47000 ,0.002819453,151,161,159,118,110,115,269,271,274,-21.5,-22.5,-21.4,-3.7,-2.2,-3.6,14.1,14.9,14.8,-8.3,-8.4,-6.3,83,95,62,64,66,68,172,153,166,104,100,98,11,378,114,378,15,-2.727272727,-2.727272727,"FQHC, CHA/P Site",3,Class III,Current,4,-9999,1,-9999,6.66666667,-9999,1.66666667,3,4,0,0,0,0,-9999,-9999,-9999,-9999,-9999,1,-9999,1,66.9246,-151.5058,1,180,1,-9999,-9999,-9999,-9999,-9999,47,77,57,45,33,28,15,8,-2.727272727,-11.66666667,40,53.33,6.666666667,13.33333333,-9999,1,-9999,6.666666667,-9999,2011,CSIS,1,1,1,1,0.77,1,0.77,0.38,0.38,0.54,0.31,0.77,0.92,0.15,0.08,0.92,0.54,0.92,0.77,0.38,0.38,0.69,0.38,0.77,0.62,0.08,0.08,0.62,0.31,0.62,0.85,0.15,0.08,0.85,0.46,0.85,0.77,0,0,0.77,0.23,0.77
Fairbanks,0,15,31375,20343,4870,763,441,958,64.838247,15.5219124,6.89083665,2.43187251,1.40557769,3.05338645,12.87,1,0,0,2.34803296,0.22756267,13.9295935,6.07,3930,9.3,60,83,8,9,54781,26872,12.8,1770.86271,0,0,0, ,1748618,55.45,66.13,1,27.5852228,16.7934363,78,522,672,7.72502587,7.51533742,91.5753725,60.2322524,27.3444347,4.90797546,10.5333931,89.376961,64.58987,36.2953832,7.81039892,83.7223735,2.34803296,0.22756267,13.9295935,1401958,1401958,  ,  ,  ,  ,,,  ,  ,  ,  ,  ,  ,  ,  ,  ,,,  ,  ,  ,  ,  , 3.48667 , 3.35667 , 3.43333 , 3.98500 , 5.48000 ,0.004529346,173,177,175,103,98,103,276,275,278,-19,-21.5,-19.7,1,1.5,0.3,15.7,16.1,16,-5.4,-5.9,-4.7,42,38,34,36,26,28,129,142,157,69,51,39,22,575,204,575,31535,0.112181046,0.112181046,General Acute Care Hospital,5,Class I,Current,4,9542,2871,30.258443,9.10416997,3.32358063,0.41401617,5,4,2,1,1,1,456854,14.4022572,10566781,333.116264,365749,3,3.04,7,64.8357,-147.7336,4,0,0,-9999,3541,1155,2101,3455,5771,13311,14771,22645,30843,30224,31535,31721,0.112181046,0.147455208,46.75439987,12.87,28.81243063,7.274456953,9542,2871,30.258443,9.10416997,3.323580634,,,,,,,,,,,,,,,,,,,,,,,,,,,,,,,,,,,,,,,,,,,,
Fort Yukon,1,0,509,445,37,21,6,0,87.4263261,7.26915521,5.30451866,4.12573674,1.17878193,0,89.08,1,1,1,23.6897275,5.03144654,0,21.4,4176,41.9,66,45,54,1,32292,23801,21.1,1790.12326,786.854167,1,0,0.03087479,23327,395.07,475.97,1,18.1818182,7.06666667,90,9,10,9.43396226,25.5434783,68.4782609,32.0652174,9.7826087,3.80434783,23.3766234,76.6233766,46.1038961,22.0779221,5.84415584,76.3102725,23.6897275,5.03144654,0,1402276,1402276, 0.50999 , 0.32219 , 0.18780 , 4.25500 ," 238,037.00000 "," 3,021,000.00000 ", 0.28819 , 1.00254 , 2.70601 , 2.89458 ,  , 0.66917 , 0.48583 , 0.18250 , 5.81917 ,"208,476 ","3,209,137 ", 0.34965 , 1.30298 , 1.60933 , 1.45564 ,  , 6.22333 ,  , 5.69333 , 6.27500 , 8.86000 ,0.00455569,155,163,161,116,109,113,271,272,274,-25.6,-27,-24.8,-3.8,-2.1,-3.4,15.7,16.5,16.3,-9,-8.4,-6.9,51,46,41,24,26,19,85,65,77,79,51,30,8,407,128,407,583,0.025862069,0.025862069,"FQHC, CHA/P Site, Behavioral Health Provider",3,Class III,Never Permitted,1,103,40,17.6672384,6.86106347,2.575,0.55746141,3,1,1,1,1,0,7222,12.5381944,762070,1323.03819,635889,2,6.38,2,66.564,-145.259,2,140,1,156,321,319,304,274,446,701,448,619,580,595,583,576,0.025862069,-0.300171527,44.25385935,89.08,32.41852487,8.061749571,103,40,17.66723842,6.861063465,2.575,1987 & 2000 (mammals),CSIS,1,0.92,0.88,,,,0.89,0.63,0.62,,,,1,0.73,0.6,,,,0.97,0.67,0.65,,,,0.97,0.46,0.45,,,,0.86,0.49,0.49,0.81,0.53,,0.2,0.1,0.09,0.18,0.08,
Fox,0,0,510,445,0,0,0,65,87.254902,0,12.745098,0,0,12.745098,12.33,0,0,0,0,0,20,0,-9999,0,60,87,5,9,71910,38680,4.5,-9999,0,0,0,0.00239808,0,0,0,1,-9999,-9999,-9999,-9999,-9999,-9999,0,100,57.8475336,48.4304933,0,0,100,90.2953586,90.2953586,20.2531646,80,0,0,20,1402342,1402342,  ,  ,  ,  ,,,  ,  ,  ,  ,  ,  ,  ,  ,  ,,,  ,  ,  ,  ,  ,  ,  ,  ,  ,  ,0.004665407,171,176,173,105,98,104,276,274,277,-17.4,-19.8,-18,0.7,1.3,0,15,15.4,15.3,-5.3,-5.8,-4.5,46,42,38,43,32,34,164,174,193,84,60,46,19,587,213,587,417,2.581818182,2.581818182,General Acute Care Hospital,5,Class I,Current,4,3,3,0.71942446,0.71942446,1,0.56594724,5,4,0,1,0,1,-9999,-9999,-9999,-9999,-9999,0,3.05,5,64.9581,-147.6183,1,10,0,-9999,-9999,-9999,-9999,-9999,25,0,0,123,275,300,417,440,2.581818182,1.378896882,45.56354916,12.33,21.58273381,9.592326139,3,3,0.71942446,0.71942446,1,,,,,,,,,,,,,,,,,,,,,,,,,,,,,,,,,,,,,,,,,,,,
Galena,1,4,536,454,44,21,12,5,84.7014925,8.20895522,7.08955224,3.91791045,2.23880597,0.93283582,64.93,1,1,1,8.06451613,1.61290323,6.65322581,6.9,4871,16.3,69,38,56,6,60313,26551,11.5,-9999,1090.15813,1,1,0.08723404,103137,219.44,266.92,1,67.4468085,9.32352941,87,48,55,17.3501577,10,88.8888889,54.4444444,20.5555556,6.66666667,19.5530726,79.3296089,58.1005587,31.8435754,11.7318436,85.2822581,8.06451613,1.61290323,6.65322581,1402457,1402457, 0.43933 , 0.26210 , 0.18035 , 3.59500 ," 525,328.00000 "," 7,164,277.00000 ", 0.40606 , 1.79175 , 4.78984 , 4.89992 ,  , 0.67000 , 0.32000 , 0.35000 , 3.65583 ,"431,338 ","5,615,133 ", 0.30875 , 1.76789 , 4.61077 , 1.35948 ,  , 5.73333 , 4.25000 , 5.75000 , 6.11500 , 8.64000 ,0.005143268,158,166,168,117,110,112,275,276,280,-19.8,-21.2,-19.1,-3.1,-1.7,-2.3,14.7,15.6,15.7,-5.6,-4.9,-3.6,74,86,79,42,44,46,151,150,140,100,97,102,7,546,144,546,470,-2.178871549,-2.178871549,"FQHC, CHA/P Site",3,Class III,Current,4,55,39,11.7021277,8.29787234,1.41025641,0.56170213,3,4,2,1,2,0,12715,28.3184855,2541566,5660.50334,1927161,3,6.21,2,64.7418,-156.9543,3,270,1,-9999,-9999,-9999,67,44,176,261,302,765,833,675,470,449,-2.178871549,-1.117021277,48.72340426,64.93,30,10.42553191,55,39,11.70212766,8.29787234,1.41025641,2010,CSIS,0.91,0.85,0.81,0.78,0.69,0.91,0.63,0.4,0.39,0.4,0.3,0.63,0.85,0.73,0.43,0.61,0.4,0.9,0.79,0.55,0.53,0.64,0.46,0.79,0.75,0.49,0.46,0.49,0.39,0.75,0.85,0.73,0.41,0.59,0.38,0.9,0.08,0.03,0.01,0.06,0.01,0.09
Grayling,0,0,150,133,16,1,0,0,88.6666667,10.6666667,0.66666667,0.66666667,0,0,87.44,1,1,1,7.75193798,0,0,31.8,3393,43.2,75,64,35,1,23125,10662,38.5,1391.39791,315.162304,1,0,0.0257732,57157,294.62,349.81,1,25.7731959,16.6666667,50,1,2,4,20.8333333,79.1666667,22.9166667,12.5,0,37.037037,62.962963,22.2222222,0,0,92.248062,7.75193798,0,0,1402921,1402921, 0.57771 , 0.42017 , 0.15485 , 3.52000 ," 48,031.00000 "," 585,985.00000 ", 0.26187 , 1.51791 , 1.07680 , 1.59099 ,  , 0.63250 , 0.42833 , 0.20667 , 3.40667 ,"47,967 ","610,184 ", 0.29556 , 1.38041 , 1.12383 , 1.43538 ,  , 5.33333 ,  ,  , 5.00000 ,  ,0.003709255,165,175,175,115,105,109,280,280,284,-14.1,-15.8,-13.8,-1.6,-0.5,-1.1,12.9,13.6,13.9,-3,-2.9,-1.8,83,90,95,76,80,97,163,168,174,138,155,173,1,325,56,325,194,-0.336538462,-0.336538462,"FQHC, CHA/P Site",3,Class III,Current,4,38,13,19.5876289,6.70103093,2.92307692,0.32474227,3,4,1,1,2,0,990,5.18324607,93280,488.376963,361312,1,5.75,4,62.9066,-160.0666,2,400,1,-9999,-9999,-9999,-9999,11,0,0,139,209,208,194,194,191,-0.336538462,-0.386597938,48.96907216,87.44,42.26804124,7.216494845,38,13,19.58762887,6.701030928,2.923076923,2011,CSIS,1,0.98,0.98,0.9,0.68,1,0.93,0.83,0.83,0.41,0.46,0.93,0.98,0.68,0.41,0.73,0.34,0.98,1,0.85,0.85,0.66,0.56,1,1,0.71,0.68,0.54,0.41,1,0.98,0.68,0.39,0.71,0.34,0.98,0,0,0,0,0,0
Healy,0,5,1120,952,34,57,77,0,85,3.03571429,11.9642857,5.08928571,6.875,0,4.03,0,0,0,0,0,12.2529644,2.9,9577,1.57,60,80,16,4,99464,38493,8.2,-9999,0,0,0,0.16160627,507,0.5,0.52,1,17.7277179,10.0555556,85,17,20,11.0497238,3.46666667,96.5333333,57.0666667,33.0666667,9.6,17.4019608,78.6764706,64.9509804,40.4411765,10.0490196,87.7470356,0,0,12.2529644,1403275,1403275,  ,  ,  ,  ,,,  ,  ,  ,  ,  ,  ,  ,  ,  ,,,  ,  ,  ,  ,  , 3.99667 , 3.35000 , 2.93333 , 4.23000 , 4.72000 ,0.003634408,168,174,173,108,101,105,276,275,278,-15,-16.8,-15.1,0.3,0.8,-0.1,14.2,14.8,14.7,-4.4,-5,-3.6,52,48,40,42,36,41,189,188,200,100,76,70,8,493,102,493,1021,5.482546201,5.482546201,FQHC,3,Class III,Current,4,129,28,12.6346719,2.7424094,4.60714286,0.6963761,3,4,2,1,0,1,34,0.0307971,6395,5.79257246,777,1,2.95,5,63.8734,-149.0033,1,78,0,-9999,-9999,-9999,36,77,0,67,79,334,487,1000,1021,1104,5.482546201,2.032321254,46.52301665,4.03,26.83643487,5.484818805,129,28,12.63467189,2.742409403,4.607142857,1987,CSIS,0.97,0.93,0.93,,,,0.87,0.8,0.76,,,,0.66,0.59,0.28,,,,0.9,0.8,0.76,,,,0.64,0.42,0.37,,,,0.61,0.56,0.18,,,,0.36,0.25,0.1,,,
Healy Lake,0,0,0,-9999,-9999,-9999,-9999,-9999,-9999,-9999,-9999,-9999,-9999,-9999,84.62,1,1,1,-9999,-9999,-9999,0,-9999,0,-9999,-9999,-9999,-9999,-9999,-9999,0,-9999,0,0,0,0.07692308,0,0,0,0,0,-9999,-9999,-9999,-9999,-9999,-9999,-9999,-9999,-9999,-9999,-9999,-9999,-9999,-9999,-9999,-9999,-9999,-9999,-9999,2419534,2419534, 0.77965 , 0.41008 , 0.36957 , 3.30833 ," 10,718.00000 "," 93,706.00000 ", 0.19207 , 0.28212 , 0.53769 , 0.72408 ,  , 1.93667 , 0.76583 , 1.17333 , 4.35000 ,"7,660 ","36,295 ", 0.27248 , 0.90342 ,  ,  ,  ,  ,  ,  ,  ,  ,0.003652627,169,177,175,106,98,103,275,275,278,-17.6,-18.7,-17,-0.4,1.1,-0.1,14,15,14.8,-5.7,-5.6,-4.4,37,35,30,43,44,29,158,133,152,88,66,48,10,432,134,432,13,-3.617021277,-3.617021277,CHA/P Site,2,Class III,Never Permitted,1,-9999,1,-9999,7.69230769,-9999,1.46153846,2,1,0,0,0,0,-9999,-9999,-9999,-9999,-9999,0,-9999,3,63.9957,-144.6982,1,108,0,0,0,0,0,0,0,0,0,33,47,37,13,7,-3.617021277,-11.53846154,38.46153846,84.62,7.692307692,15.38461538,-9999,1,-9999,7.692307692,-9999,2011,,,,,,,,,,,,,,,,,,,,,,,,,,,,,,,,,,,,,,,,,,,
Holy Cross,0,0,206,196,5,5,0,0,95.1456311,2.42718447,2.42718447,2.42718447,0,0,91.89,2,1,1,4.18848168,0,1.04712042,12.5,4450,32.8,64,32,68,0,35833,17335,22.6,1448.38418,438.983051,1,0,0.03370787,83140,467.08,559.45,1,23.0337079,5.85714286,100,1,1,2.43902439,8.47457627,91.5254237,15.2542373,6.77966102,3.38983051,19.2307692,80.7692308,46.1538462,13.4615385,0,94.7643979,4.18848168,0,1.04712042,1403447,1403447, 0.56142 , 0.40595 , 0.15238 , 3.41500 ," 49,990.00000 "," 643,749.00000 ", 0.31944 , 0.92758 , 1.05694 , 1.09583 ,  , 0.59750 , 0.39333 , 0.20083 , 3.40250 ,"51,837 ","655,808 ", 0.33255 , 0.89104 , 1.03035 , 1.70552 ,  , 6.03667 ,  , 6.36000 , 7.16000 , 9.97000 ,0.003578203,167,178,177,114,103,108,281,281,285,-13.5,-15.1,-13,-0.9,0.3,-0.4,13.3,14,14.4,-2,-1.8,-0.8,81,84,94,76,76,92,168,172,181,138,146,178,5,311,82,311,178,-1.78700361,-1.78700361,"FQHC, CHA/P Site",3,Class III,Current,4,32,16,17.9775281,8.98876405,2,0.48314607,3,4,1,1,2,0,1394,7.87570622,132205,746.920904,355903,1,7.15,4,62.2005,-159.7686,2,413,0,131,0,0,337,226,157,256,199,241,277,227,178,177,-1.78700361,-0.140449438,48.31460674,91.89,36.51685393,8.426966292,32,16,17.97752809,8.988764045,2,2002,CSIS,,,0.87,,,,,,0.67,,,,,,0.74,,,,,,0.72,,,,,,0.64,,,,,,0.74,,,,,,0.03,,,
Hughes,0,2,62,58,2,0,0,0,93.5483871,3.22580645,0,0,0,0,96.1,1,1,1,25.4545455,0,0,30,2567,60,84,35,65,0,30750,13075,16.4,8321.90698,159.162791,1,0,0.02597403,55094,715.51,819.86,1,14.2857143,3.66666667,100,2,2,18.1818182,0,100,20,0,0,11.1111111,88.8888889,61.1111111,16.6666667,0,74.5454545,25.4545455,0,0,1403596,1403596, 0.59333 , 0.37793 , 0.21540 , 5.43250 ," 27,084.00000 "," 322,201.00000 ", 0.25736 , 0.90049 , 1.57917 , 0.46079 , 0.14417 , 0.71000 , 0.57000 , 0.14000 , 6.05500 ,"54,889 ","453,062 ", 0.37463 , 0.75770 , 2.00967 , 0.61950 , 0.17975 , 7.85000 ,  ,  , 9.00000 , 13.35000 ,0.004505706,158,167,168,115,107,110,273,274,278,-20.6,-21.5,-19.8,-2.8,-1.1,-2,15.2,15.9,16,-6.5,-5.9,-4.3,60,60,50,39,39,46,150,159,146,100,93,107,10,552,174,552,77,2.12962963,2.12962963,"FQHC, CHA/P Site",3,Class III,Current,4,19,10,24.6753247,12.987013,1.9,0.51948052,3,4,1,1,2,0,954,11.0930233,265684,3089.34884,121734,1,9,0,66.0489,-154.2556,2,205,1,-9999,-9999,45,0,32,49,69,85,73,54,78,77,86,2.12962963,2.922077922,50.64935065,96.1,23.37662338,12.98701299,19,10,24.67532468,12.98701299,1.9,2002,CSIS,,,,,,,,,,,,,,,,,,,,,,,,,,,,,,,,,0.79,,,,,,0,,,
Huslia,1,1,371,321,41,5,4,0,86.5229111,11.0512129,2.42587601,1.34770889,1.07816712,0,92.09,1,1,1,25.6880734,4.28134557,1.22324159,7.61,2443,41.3,74,33,67,0,27188,11219,34.9,1305.02071,10.0502959,1,0,0.02181818,164252,597.28,707.18,1,26.9090909,7.4,43,3,7,9.45945946,9.30232558,88.372093,33.7209302,13.9534884,2.3255814,10.3092784,85.5670103,57.7319588,9.27835052,1.03092784,73.088685,25.6880734,4.28134557,1.22324159,1403644,1403644, 0.55143 , 0.39925 , 0.15166 , 3.58500 ," 68,654.00000 "," 927,222.00000 ", 0.37017 , 1.14869 , 0.77670 , 2.27615 ,  , 0.59750 , 0.39667 , 0.20083 , 4.09333 ,"74,599 ","998,431 ", 0.43574 , 0.33375 , 0.69726 , 2.96318 ,  , 5.75000 ,  , 4.20000 , 7.00000 , 7.92000 ,0.004834262,153,162,164,119,112,114,272,274,278,-19.1,-20.4,-18.4,-3.6,-2,-2.7,14.1,15,15.1,-6.5,-5.5,-4,69,75,72,48,49,54,171,166,158,109,104,119,6,503,160,503,275,1.642512077,1.642512077,"FQHC, CHA/P Site",3,Class III,Current,4,74,22,26.9090909,8,3.36363636,0.38181818,3,4,1,1,1,0,3317,9.81360947,415144,1228.23669,421759,2,6.5,1,65.7018,-156.3892,2,258,1,-9999,-9999,-9999,-9999,-9999,65,168,159,188,207,293,275,338,1.642512077,5.727272727,50.54545455,92.09,42.90909091,10.18181818,74,22,26.90909091,8,3.363636364,2002,CSIS,,,1,,,,,,0.66,,,,,,0.79,,,,,,0.68,,,,,,0.45,,,,,,0.77,,,,,,0.25,,,
Kaltag,1,4,197,171,11,9,6,0,86.8020305,5.58375635,7.6142132,4.56852792,3.04568528,0,91.79,1,1,1,18.0851064,1.59574468,0,20,4408,40,76,65,36,0,25833,14190,20.9,1532.12088,0,0,0,0.02631579,147009,773.73,923.69,1,10.5263158,5,-9999,0,0,0,15.2941176,84.7058824,22.3529412,3.52941176,0,10.2040816,89.7959184,40.8163265,16.3265306,6.12244898,81.9148936,18.0851064,1.59574468,0,1404379,1404379, 0.53180 , 0.38169 , 0.15042 , 3.40000 ," 52,827.00000 "," 754,883.00000 ", 0.31176 , 1.38606 , 0.52380 , 1.79951 ,  , 0.58250 , 0.37833 , 0.20083 , 3.37167 ,"51,561 ","735,585 ", 0.33493 , 0.57705 , 0.34119 , 2.37100 ,  , 5.41667 ,  , 5.41667 , 5.75000 , 7.84000 ,0.004376755,156,163,165,120,113,115,276,276,280,-17.2,-18.8,-16.9,-3.9,-2.7,-3.2,12.6,13.4,13.6,-4.4,-4.1,-2.8,70,83,78,61,68,70,137,140,133,129,138,131,n/a,373,119,370,190,-1.041666667,-1.041666667,"FQHC, CHA/P Site",3,Class III,Current,4,23,25,12.1052632,13.1578947,0.92,0.45789474,3,4,1,1,1,0,1677,9.21428571,87997,483.5,248262,1,5.75,1,64.3247,-158.7238,2,328,1,0,141,89,137,140,121,165,206,247,240,230,190,182,-1.041666667,-1.052631579,38.94736842,91.79,31.57894737,8.947368421,23,25,12.10526316,13.15789474,0.92,2002,,,,,,,,,,,,,,,,,,,,,,,,,,,,,,,,,,,,,,,,,,,
Koyukuk,0,3,85,84,1,0,0,0,98.8235294,1.17647059,0,0,0,0,96.94,1,1,1,10.1265823,0,0,15.8,4467,34.2,72,31,69,0,20313,13550,54.8,6585.01087,1475.80435,1,0,0.02083333,71049,740.1,890.48,1,15.625,5,-9999,-9999,-9999,-66660,32.2580645,67.7419355,9.67741935,0,0,6.89655172,93.1034483,51.7241379,24.137931,6.89655172,89.8734177,10.1265823,0,0,1404984,1404984, 0.45000 , 0.30100 , 0.14900 , 4.30667 ," 22,083.00000 "," 259,170.00000 ", 0.17568 , 0.87955 , 0.70160 , 0.41780 , 0.06533 , 0.95000 , 0.41000 , 0.54000 , 4.25000 ,"29,331 ","286,550 ", 0.11842 , 0.98138 , 0.75717 , 0.41338 , 0.06500 , 4.06000 ,  , 8.36000 , 7.00000 , 8.47000 ,0.004719613,157,165,166,118,111,113,275,276,279,-18.9,-20.4,-18.4,-3.3,-2,-2.5,14.3,15.2,15.3,-5.2,-4.7,-3.3,79,92,87,49,54,55,137,138,130,128,132,130,2,480,106,480,96,-1.19047619,-1.19047619,"FQHC, CHA/P Site",3,Class III,Current,4,15,7,15.625,7.29166667,2.14285714,0.5625,3,4,1,1,1,0,996,10.826087,131077,1424.75,115978,1,6.5,1,64.8816,-157.7043,2,293,3,0,121,124,143,106,79,128,124,98,126,101,96,92,-1.19047619,-1.041666667,48.95833333,96.94,32.29166667,10.41666667,15,7,15.625,7.291666667,2.142857143,2002,CSIS,,,,,,,0.75,0.57,0.57,,,,,,,,,,0.75,0.57,0.57,,,,,,,,,,,,,,,,,,,,,
Lake Minchumina,0,0,19,19,0,0,0,0,100,0,0,0,0,0,31.25,1,0,1,0,0,0,0,-9999,0,42,100,0,0,-9999,-9999,12.5,#VALUE!,0,0,0,0.38461539,654.08,50.31,51.13,0,9,-9999,-9999,-9999,-9999,-9999,42.8571429,57.1428571,57.1428571,28.5714286,28.5714286,0,100,100,37.5,0,100,0,0,0,1405185,1405185,  ,  ,  ,  ,,,  ,  ,  ,  ,  ,  ,  ,  ,  ,,,  ,  ,  ,  ,  ,  ,  ,  , 4.29500 ,  ,0.004682751,165,174,173,110,101,106,275,275,279,-18.6,-19.7,-18,-0.6,0.7,-0.4,15,15.6,15.6,-5.4,-5.5,-4.1,47,52,36,38,36,39,173,179,168,76,68,66,14,525,199,525,13,-2.96875,-2.96875,PH Nursing,1,Class III,Current,4,2,1,15.3846154,7.69230769,2,2.76923077,1,4,0,0,0,0,242,24.2,40092,4009.2,24408,1,-9999,0,63.8828,-152.3122,1,152,0,-9999,-9999,-9999,-9999,-9999,-9999,-9999,-9999,22,32,32,13,10,-2.96875,-5.769230769,53.84615385,31.25,15.38461538,23.07692308,2,1,15.38461538,7.692307692,2,2002,CSIS,,,,,,,1,1,1,,,,1,0.67,0.67,,,,1,1,1,,,,0.83,0.17,0.17,,,,1,0.5,0.5,,,,0.17,0,0,,,
Livengood,0,0,10,10,0,0,0,0,100,0,0,0,0,0,28.57,0,0,1,0,0,0,0,-9999,0,23,57,0,43,-9999,24517,-9999,#VALUE!,0,0,0,0.30769231,0,0,0,0,9,-9999,-9999,-9999,-9999,-9999,0,100,100,0,0,0,100,100,0,0,100,0,0,0,1405579,1405579,  ,  ,  ,  ,,,  ,  ,  ,  ,  ,  ,  ,  ,  ,,,  ,  ,  ,  ,  ,  ,  ,  ,  ,  ,0.00514406,163,169,167,110,103,108,273,272,275,-18.7,-20.8,-19.2,-0.8,0,-1.3,14.7,15.2,15,-6.4,-6.8,-5.4,42,37,32,32,21,28,170,172,194,58,43,36,12,617,172,617,13,-9999,-9999,PH Nursing,1,Class I,Current,4,2,1,15.3846154,7.69230769,2,2.61538462,1,4,0,0,0,1,3,0.25,-9999,-9999,-9999,0,-9999,1,65.5228,-148.5485,1,53,0,-9999,-9999,-9999,-9999,-9999,-9999,-9999,-9999,-9999,-9999,29,13,12,-9999,-1.923076923,46.15384615,28.57,7.692307692,15.38461538,2,1,15.38461538,7.692307692,2,,,,,,,,,,,,,,,,,,,,,,,,,,,,,,,,,,,,,,,,,,,,
Manley Hot Springs,0,2,80,67,3,0,10,0,83.75,3.75,12.5,0,12.5,0,25.24,1,1,1,0,0,9.09090909,0,-9999,9.1,40,62,38,0,43125,23386,19,#VALUE!,0,0,0,0.17977528,1046.11,11.75,12.67,1,19.1011236,5.66666667,100,1,1,5.88235294,19.2307692,80.7692308,34.6153846,11.5384615,0,12.9032258,87.0967742,51.6129032,19.3548387,0,90.9090909,0,0,9.09090909,1405922,1405922, 0.66485 , 0.48524 , 0.21721 , 3.47000 ," 28,831.00000 "," 304,800.00000 ", 0.12310 , 0.86011 , 0.14317 , 1.48317 , -   , 0.93750 , 0.62167 , 0.31333 , 3.88417 ,"35,973 ","438,066 ", 0.17070 , 0.86596 , 0.19239 , 1.55746 ,  , 4.31667 , 3.85000 , 5.20000 ,  ,  ,0.005294565,164,172,171,110,102,106,274,274,277,-20.6,-21.8,-20.4,-0.8,0.4,-0.8,15.4,16,15.9,-6.2,-6.5,-5,45,47,36,30,25,32,163,179,171,95,78,74,4,651,183,649,89,-0.364583333,-0.364583333,CHA/P Site,2,Class III,Current,4,8,11,8.98876405,12.3595506,0.72727273,1.30337079,2,4,1,1,1,1,128,1.09401709,2457,21,26598,1,4.48,3,64.9959,-150.6372,1,86,1,-9999,-9999,29,45,39,29,72,34,61,96,72,89,117,-0.364583333,7.865168539,44.94382022,25.24,26.96629213,15.73033708,8,11,8.988764045,12.35955056,0.727272727,2012,CSIS,1,0.98,0.98,0.93,0.71,1,0.8,0.39,0.39,0.63,0.22,0.8,0.78,0.56,0.12,0.71,0.29,0.83,0.98,0.46,0.46,0.9,0.44,0.98,0.93,0.34,0.27,0.8,0.39,0.93,0.68,0.56,0.1,0.61,0.24,0.8,0.24,0,0,0.24,0.05,0.24
McGrath,0,0,336,276,41,14,5,0,82.1428571,12.202381,5.6547619,4.16666667,1.48809524,0,46.04,1,1,1,2.25080386,0.96463023,3.53697749,7.7,4350,15.4,73,48,37,15,64896,25881,14.5,1883.12698,2119.8254,2,0,0.12427746,116389,336.39,388.2,1,17.3410405,7.5,100,4,4,6.66666667,9.56521739,90.4347826,48.6956522,19.1304348,1.73913043,0,97.826087,53.2608696,23.9130435,5.43478261,94.2122186,2.25080386,0.96463023,3.53697749,1406131,1406131, 0.53233 , 0.35541 , 0.17866 , 3.64500 ," 215,638.00000 "," 2,809,600.00000 ", 0.37280 , 1.36032 , 1.52536 , 1.63236 , -   , 0.74500 , 0.42333 , 0.32083 , 4.60167 ,"190,015 ","2,686,816 ", 0.29279 , 1.19644 , 1.46040 , 1.47476 , 0.34392 , 6.29667 , 4.90000 , 8.57000 , 7.36000 , 9.85500 ,0.005134532,163,174,173,113,102,107,276,276,280,-19.5,-20.7,-18.6,-1.6,0,-0.9,13.9,14.9,15.1,-5.2,-4.7,-3.3,78,88,83,70,65,67,176,178,156,141,124,136,10,510,182,510,346,-1.723484848,-1.723484848,"FQHC, CHA/P Site, Community Mental Health Center,Substance Abuse Treatment",3,Class III,Current,4,57,22,16.4739884,6.3583815,2.59090909,0.56358382,3,4,1,1,1,0,746,2.36825397,872400,2769.52381,906662,2,7.64,1,62.9534,-155.5961,2,272,1,-9999,-9999,90,112,138,175,241,279,355,528,401,346,315,-1.723484848,-2.239884393,47.97687861,46.04,27.74566474,10.11560694,57,22,16.47398844,6.358381503,2.590909091,2011,CSIS,0.99,0.96,0.96,0.93,0.77,0.99,0.84,0.7,0.69,0.52,0.4,0.84,0.93,0.77,0.5,0.64,0.55,0.94,0.96,0.75,0.72,0.77,0.48,0.96,0.89,0.44,0.41,0.69,0.35,0.89,0.91,0.76,0.46,0.6,0.5,0.93,0.08,0.02,0.01,0.08,0.02,0.09
McKinley Park,0,0,429,283,0,0,94,52,65.967366,0,34.032634,0,21.9114219,12.1212121,1.58,0,0,1,0,0,26.1072261,0,-9999,0,47,90,9,1,44537,25281,23,-9999,0,0,0,0,372.7,2.01,2.44,1,-9999,-9999,-9999,-9999,-9999,-9999,0,100,67.4603175,45.2380952,9.52380952,5.98802395,94.011976,88.0239521,70.6586826,0,71.7948718,0,0,26.1072261,1423625,1423625,  ,  ,  ,  ,,,  ,  ,  ,  ,  ,  ,  ,  ,  ,,,  ,  ,  ,  ,  , 3.28333 , 2.60000 , 2.50000 , 4.32000 ,  ,0.003405252,163,170,168,111,103,108,274,273,276,-14.2,-16,-14.4,-0.6,-0.1,-1,12.8,13.4,13.3,-4.8,-5.4,-4,63,59,49,42,38,43,183,180,188,86,71,65,2,460,82,460,185,0.409356725,0.409356725,FQHC Site,3,Class III,Current,4,-9999,-9999,-9999,-9999,-9999,2.28108108,3,4,0,1,0,1,-9999,-9999,-9999,-9999,-9999,0.5,3.36,5,63.7323,-148.9169,1,88,0,-9999,232,0,52,11,0,0,0,60,171,142,185,179,0.409356725,-0.810810811,45.40540541,1.58,11.89189189,6.486486486,-9999,-9999,-9999,-9999,-9999,,,,,,,,,,,,,,,,,,,,,,,,,,,,,,,,,,,,,,,,,,,,
Minto,0,0,246,221,12,13,0,0,89.8373984,4.87804878,5.28455285,5.28455285,0,0,90.91,1,1,1,8.33333333,0,0,29.2,2690,40.28,71,50,49,1,25417,12645,28.6,-9999,0,0,0,0.01428571,182907,870.99,1077.71,1,22.8571429,8,100,4,4,8.33333333,32.9113924,67.0886076,21.5189873,7.59493671,0,21.4285714,78.5714286,32.1428571,12.5,0,91.6666667,8.33333333,0,0,1406419,1406419, 0.49883 , 0.34120 , 0.14886 , 2.68250 ," 49,967.00000 "," 635,423.00000 ", 0.30190 , 0.82533 , 1.87571 , 0.96630 ,  , 0.61000 , 0.40583 , 0.20333 , 3.81250 ,"43,887 ","618,554 ", 0.30757 , 0.50515 , 2.32066 , 1.33790 ,  , 4.36667 ,  , 4.89000 , 5.00000 , 5.60000 ,0.005141782,165,171,170,109,102,106,274,273,276,-19.8,-21.7,-20.1,-0.6,0.3,-1,15.3,15.9,15.7,-6.3,-6.7,-5.3,46,43,38,37,27,34,141,148,152,83,64,54,14,643,169,643,210,-0.183486239,-0.183486239,CHA/P Site,2,Class III,Current,4,37,30,17.6190476,14.2857143,1.23333333,0.44761905,2,4,1,1,1,1,158,0.77073171,5677,27.6926829,16984,1,3.8,3,65.1522,-149.3483,1,52,1,0,0,58,0,135,152,161,168,153,218,258,210,205,-0.183486239,-0.595238095,43.80952381,90.91,32.38095238,9.523809524,37,30,17.61904762,14.28571429,1.233333333,2012,CSIS,0.98,0.96,0.93,0.93,0.74,0.98,0.65,0.48,0.48,0.46,0.24,0.65,0.96,0.67,0.39,0.74,0.39,0.96,0.91,0.57,0.57,0.83,0.43,0.91,0.91,0.3,0.3,0.8,0.28,0.91,0.96,0.67,0.37,0.72,0.35,0.96,0.15,0,0,0.15,0,0.15
Moose Creek,0,0,728,450,201,2,62,13,61.8131868,27.6098901,10.5769231,0.27472527,8.51648352,1.78571429,7.64,0,0,0,0,0,4.35393258,8.2,2631,30.28,51,91,5,4,50430,28738,7.9,-9999,0,0,0,0.00133869,0,0,0,1,-9999,-9999,-9999,-9999,-9999,-9999,0,100,74.8663102,18.1818182,18.1818182,0,91.25,51.875,19.375,0,95.6460674,0,0,4.35393258,1406548,1406548,  ,  ,  ,  ,,,  ,  ,  ,  ,  ,  ,  ,  ,  ,,,  ,  ,  ,  ,  ,  ,  ,  ,  ,  ,0.004328,171,176,175,105,99,103,276,275,278,-19.2,-21.4,-19.6,0.4,1.2,0,15.4,16,15.8,-5.6,-5.9,-4.7,38,34,28,34,30,26,158,152,176,86,58,42,17,540,224,540,747,1.12295082,1.12295082,General Acute Care Hospital,5,Class I,Current,4,1,2,0.13386881,0.26773762,0.5,0.44444444,5,4,0,1,0,1,-9999,-9999,-9999,-9999,-9999,0,3.2,7,64.7086,-147.1505,1,20,0,-9999,-9999,-9999,-9999,-9999,-9999,-9999,-9999,510,610,542,747,631,1.12295082,-3.882195448,45.51539491,7.64,29.04953146,5.488621151,1,2,0.133868809,0.267737617,0.5,,,,,,,,,,,,,,,,,,,,,,,,,,,,,,,,,,,,,,,,,,,,
Nenana,0,6,434,374,27,33,0,0,86.1751152,6.22119816,7.60368664,7.60368664,0,0,40.35,1,1,1,2.38095238,0.23809524,1.19047619,12.6,4605,28,62,68,29,3,56250,30465,15.5,3282.07071,171.782828,1,1,0.22751323,61298,291.9,202.27,1,47.0899471,9.88888889,82,37,45,25.2808989,15.9763314,84.0236686,42.6035503,14.2011834,0,22.4358974,76.2820513,59.6153846,25,0.64102564,96.4285714,2.38095238,0.23809524,1.19047619,1406940,1406940,  ,  ,  ,  ,,,  ,  ,  ,  ,  ,  ,  ,  ,  ,,,  ,  ,  ,  ,  , 3.70333 , 2.80000 , 3.06667 , 4.28500 , 5.68000 ,0.004546661,168,174,172,107,100,105,275,274,277,-19.1,-21,-19.4,0.1,0.8,-0.3,15.4,15.9,15.8,-5.6,-6.1,-4.8,66,63,54,39,28,36,158,170,176,130,92,78,7,620,166,620,378,-0.190839695,-0.190839695,"FQHC, CHA/P Site",3,Class III,Current,4,87,65,23.015873,17.1957672,1.33846154,0.56878307,3,4,0,1,2,1,66,0.16666667,1860,4.6969697,0,1,3.83,3.5,64.5619,-149.0883,4,45,1,-9999,190,634,291,231,242,286,362,470,393,402,378,396,-0.190839695,1.19047619,49.20634921,40.35,23.80952381,14.55026455,87,65,23.01587302,17.1957672,1.338461538,2004,CSIS,,,,,,,0.5,0.41,0.4,,,,0.51,0.44,0.24,,,,,,,,,,,,,,,,0.49,0.43,0.22,,,,0.03,0.04,0.02,,,
Nikolai,0,0,73,73,0,0,0,0,100,0,0,0,0,0,82.86,1,1,1,23.5294118,11.7647059,0,6.1,1650,45.5,82,15,85,0,29167,14723,20.6,7530.46988,627.60241,1,0,0.06382979,81809,870.31,1068.03,1,15.9574468,15,0,0,2,13.3333333,24.2424242,75.7575758,33.3333333,0,0,27.7777778,72.2222222,27.7777778,0,0,76.4705882,23.5294118,11.7647059,0,1407022,1407022, 0.64110 , 0.37140 , 0.26970 , 3.66667 ," 27,538.00000 ",, 0.34777 , 1.07959 , 0.48253 , 0.66637 ,  , 0.90000 , 0.65417 , 0.24583 , 6.31667 ,"39,545 ","426,900 ", 0.33446 , 1.49107 , 0.80853 , 0.67667 ,  ,  ,  ,  , 8.00000 ,  ,0.004616142,163,174,174,112,102,106,275,276,280,-19.2,-20.4,-18.3,-1.3,0.1,-0.8,13.9,14.8,15,-5.1,-4.8,-3.5,54,59,54,53,51,52,175,173,154,122,109,115,5,504,144,504,94,-0.688073394,-0.688073394,CHA/P Site,2,Class III,Current,4,11,12,11.7021277,12.7659575,0.91666667,0.5106383,2,4,1,1,2,0,357,4.30120482,160764,1936.91566,100306,1,8,0,63.0135,-154.3741,2,190,1,-9999,-9999,9,60,35,88,85,112,91,109,100,94,83,-0.688073394,-2.925531915,32.9787234,82.86,29.78723404,14.89361702,11,12,11.70212766,12.76595745,0.916666667,2012,CSIS,0.93,0.83,0.77,0.77,0.5,1,0.93,0.83,0.77,0.77,0.5,1,1,0.92,0.65,0.81,0.62,1,0.93,0.83,0.77,0.77,0.5,1,0.85,0.65,0.46,0.73,0.5,0.88,1,0.92,0.58,0.65,0.58,1,0.15,0.19,0.04,0.15,0.08,0.27
North Pole,0,0,2132,1562,396,64,96,14,73.2645403,18.5741088,8.16135084,3.00187617,4.50281426,0.65666041,5.71,0,0,0,2.5025025,0,4.95495495,4.59,4387,5.56,58,82,10,8,66250,31705,8.5,3133.01774,0,0,0,0.63769485,17039,8.05,9.17,1,148.039679,17.4111111,81,137,170,5.42437779,10.1361573,89.8638427,71.5582451,39.6369138,11.4977307,13.2471729,86.7528271,60.0969305,25.3634895,7.75444265,92.5425425,2.5025025,0,4.95495495,1407230,1407230,  ,  ,  ,  ,,,  ,  ,  ,  ,  ,  ,  ,  ,  ,,,  ,  ,  ,  ,  , 3.10333 , 2.33667 , 2.42000 , 4.07000 , 5.48000 ,0.004386551,171,177,175,105,98,103,276,275,278,-19.2,-21.5,-19.7,0.6,1.3,0.1,15.5,16.1,15.9,-5.6,-5.9,-4.7,43,38,31,34,30,27,128,128,145,82,56,41,31,555,221,555,2117,2.269917582,2.269917582,General Acute Care Hospital,5,Class I,Current,4,3724,596,175.909306,28.1530468,6.24832215,0.43268777,5,4,2,1,0,1,-9999,-9999,-9999,-9999,-9999,0,3.27,7,64.7463,-147.3688,4,14,0,-9999,-9999,-9999,-9999,-9999,-9999,358,265,724,1456,1570,2117,2198,2.269917582,0.956542277,49.4095418,5.71,31.412376,4.959848843,3724,596,175.9093056,28.15304676,6.248322148,,,,,,,,,,,,,,,,,,,,,,,,,,,,,,,,,,,,,,,,,,,,
Northway,0,1,137,126,7,4,0,0,91.9708029,5.10948905,2.91970803,2.91970803,0,0,77.92,1,0,1,17.96875,0,1.5625,0,-9999,6.06,59,64,26,11,88482,20931,7.8,-9999,0,0,0,0.12676056,-9999,-9999,2521.38,1,18.4,13.6666667,100,1,1,2.43902439,4,96,52,8,0,16.3636364,83.6363636,45.4545455,41.8181818,0,80.46875,17.96875,0,1.5625,1407253,1407253, 0.63192 , 0.39453 , 0.23738 , 3.38750 ," 106,933.00000 "," 1,458,459.00000 ", 0.31335 , 1.75616 , 1.36357 , 2.96938 ,  , 0.71333 , 0.49500 , 0.21583 , 3.99583 ,"96,876 ","1,248,000 ", 0.35779 , 1.74020 , 1.33677 , 1.56754 ,  ,  ,  ,  , 4.42500 , 3.25000 ,0.003000146,170,174,172,105,100,104,275,274,276,-22.7,-23.1,-21.7,-0.5,0.3,-0.9,14,14.7,14.5,-6.6,-7,-6,21,18,19,37,36,23,140,150,124,46,42,38,8,149,79,149,71,-2.113821138,-2.113821138,"FQHC, CHA/P Site",3,Class III,Current,4,43,14,60.5633803,19.7183099,3.07142857,0.53521127,3,4,2,1,1,1,20,0.3030303,592,8.96969697,0,1,3.8,2,62.9617,-141.9372,1,228,0,-9999,-9999,-9999,-9999,-9999,-9999,196,40,73,123,95,71,66,-2.113821138,-1.76056338,43.66197183,77.92,30.98591549,12.67605634,43,14,60.56338028,19.71830986,3.071428571,2015,CSIS,1,0.95,0.95,0.95,0.91,,0.93,0.76,0.73,0.44,0.47,,0.96,0.67,0.27,0.78,0.36,,,,,,,,0.8,0.27,0.26,0.64,0.36,,0.96,0.66,0.24,0.76,0.36,,0.35,0.24,0.13,0.13,0.13,
Northway Junction,0,0,62,57,0,5,0,0,91.9354839,0,8.06451613,8.06451613,0,0,70,0,0,1,15,0,0,11.1,2200,55.56,51,59,36,5,38750,17482,34.7,-9999,0,0,0,0,0,0,0,1,-9999,-9999,100,1,1,-9999,0,100,42.8571429,21.4285714,0,11.7647059,88.2352941,35.2941176,11.7647059,0,85,15,0,0,1866965,1407253, 0.63192 , 0.39453 , 0.23738 , 3.38750 ," 106,933.00000 "," 1,458,459.00000 ", 0.31335 , 1.75616 , 1.36357 , 2.96938 ,  , 0.71333 , 0.49500 , 0.21583 , 3.99583 ,"96,876 ","1,248,000 ", 0.35779 , 1.74020 , 1.33677 , 1.56754 ,  ,  ,  ,  ,  ,  ,0.003015791,166,172,168,107,101,107,273,273,275,-21.6,-22,-20.6,-1,-0.1,-1.4,13.2,13.9,13.6,-6.7,-7,-6,25,22,23,38,37,24,153,165,134,52,47,43,7,147,78,147,54,-1.931818182,-1.931818182,"FQHC, CHA/P Site",3,Class III,Current,4,-9999,-9999,-9999,-9999,-9999,0.57407407,3,4,2,1,0,1,-9999,-9999,-9999,-9999,-9999,0,3.8,1,63.0106,-141.8001,1,228,0,-9999,-9999,-9999,-9999,-9999,-9999,-9999,-9999,-9999,88,72,54,62,-1.931818182,3.703703704,50,70,37.03703704,22.22222222,-9999,-9999,-9999,-9999,-9999,,,1,0.95,0.95,0.95,0.91,,0.93,0.76,0.73,0.44,0.47,,0.96,0.67,0.27,0.78,0.36,,,,,,,,0.8,0.27,0.26,0.64,0.36,,0.96,0.66,0.24,0.76,0.36,,0.35,0.24,0.13,0.13,0.13,
Northway Village,0,0,96,96,0,0,0,0,100,0,0,0,0,0,80.67,1,1,1,34.1176471,15.2941176,0,23.1,3850,53.85,40,70,30,0,15313,9374,41.4,-9999,0,0,0,0,144433,1473.81,0,1,-9999,-9999,100,1,1,-9999,20,70,1.66666667,0,0,41.6666667,58.3333333,0,0,0,65.8823529,34.1176471,15.2941176,0,1407254,1407253, 0.63192 , 0.39453 , 0.23738 , 3.38750 ," 106,933.00000 "," 1,458,459.00000 ", 0.31335 , 1.75616 , 1.36357 , 2.96938 ,  , 0.71333 , 0.49500 , 0.21583 , 3.99583 ,"96,876 ","1,248,000 ", 0.35779 , 1.74020 , 1.33677 , 1.56754 ,  ,  ,  ,  ,  ,  ,0.00300816,169,174,172,105,100,104,274,274,276,-22.8,-23.2,-21.8,-0.6,0.2,-1,14,14.7,14.4,-6.7,-7,-6,21,18,19,37,36,23,139,150,123,46,42,38,7,149,79,149,98,-0.663716814,-0.663716814,"FQHC, CHA/P Site",3,Class III,Current,4,2,-9999,2.04081633,-9999,-9999,0.35714286,3,4,2,1,0,1,-9999,-9999,-9999,-9999,-9999,0,3.8,2,62.9822,-141.9517,1,228,1,-9999,-9999,-9999,-9999,-9999,-9999,-9999,-9999,112,113,107,98,112,-0.663716814,3.571428571,47.95918367,80.67,28.57142857,17.34693878,2,-9999,2.040816327,-9999,-9999,,,1,0.95,0.95,0.95,0.91,,0.93,0.76,0.73,0.44,0.47,,0.96,0.67,0.27,0.78,0.36,,,,,,,,0.8,0.27,0.26,0.64,0.36,,0.96,0.66,0.24,0.76,0.36,,0.35,0.24,0.13,0.13,0.13,
Nulato,0,3,267,226,6,25,10,0,84.6441948,2.24719101,13.1086142,9.36329588,3.74531835,0,94.34,1,1,1,11.8852459,0,0,17.4,3827,37.2,72,34,66,1,34375,13996,27.5,518.723577,3148.04878,1,0,0.02651515,162153,614.21,744.32,1,12.5,6.6,50,1,2,6.06060606,14.7727273,85.2272727,43.1818182,19.3181818,12.5,15.8536585,84.1463415,48.7804878,10.9756098,2.43902439,88.1147541,11.8852459,0,0,1407321,1407321, 0.56372 , 0.40039 , 0.16500 , 3.40000 ," 77,378.00000 "," 1,070,020.00000 ", 0.32920 , 1.43230 , 1.15276 , 1.47369 ,  , 0.60500 , 0.40083 , 0.20333 , 4.05500 ,"77,158 ","1,053,278 ", 0.35449 , 0.49171 , 1.18795 , 2.41958 ,  , 5.75000 ,  ,  , 5.55000 , 8.26000 ,0.00455272,157,165,167,118,111,113,275,276,280,-18.5,-20,-18.1,-3.2,-2,-2.4,14.1,15,15.1,-4.8,-4.4,-3.1,86,100,97,53,59,60,133,136,128,146,153,146,10,423,111,423,264,-1.323119777,-1.323119777,"FQHC, CHA/P Site",3,Class III,Current,4,45,32,17.0454546,12.1212121,1.40625,0.50757576,3,4,1,1,1,0,2529,10.2804878,153522,624.073171,252984,2,5.4,1,64.7178,-158.1087,2,306,1,281,230,258,204,113,176,283,308,350,359,336,264,246,-1.323119777,-1.704545455,45.45454545,94.34,30.3030303,11.36363636,45,32,17.04545455,12.12121212,1.40625,2010,CSIS,1,0.92,0.9,0.92,0.81,1,0.81,0.63,0.63,0.48,0.32,0.81,0.9,0.69,0.43,0.65,0.4,0.92,0.95,0.74,0.74,0.69,0.54,0.95,0.9,0.64,0.63,0.48,0.39,0.9,0.89,0.68,0.39,0.61,0.39,0.9,0.02,0,0,0.02,0,0.02
Rampart,0,3,15,15,0,0,0,0,100,0,0,0,0,0,95.83,1,1,1,0,0,0,0,-9999,0,67,33,67,0,45000,27895,-9999,-9999,0,0,0,0.16666667,0,0,0,0,0,-9999,-9999,-9999,-9999,-9999,100,0,0,0,0,100,0,0,0,0,100,0,0,0,1408519,1408519,  ,  ,  ,  ,,,  ,  ,  ,  ,  ,  ,  ,  ,  ,,,  ,  ,  ,  ,  , 3.58000 ,  , 5.20000 ,  ,  ,0.005290996,159,166,164,113,106,111,272,272,275,-22.2,-23.7,-22.3,-2.2,-1.1,-2.4,15.3,15.9,15.8,-7.2,-7.5,-5.9,39,38,29,36,24,34,119,121,121,76,62,57,5,659,163,659,24,-3.235294118,-3.235294118,CHA/P Site,2,Class III,Current,4,3,5,12.5,20.8333333,0.6,1.79166667,2,4,1,0,1,0,299,14.2380952,175068,8336.57143,7282,1,6.5,0,65.5034,-150.1718,1,85,1,211,83,121,103,106,94,49,36,50,68,45,24,21,-3.235294118,-3.125,45.83333333,95.83,29.16666667,20.83333333,3,5,12.5,20.83333333,0.6,2000,,,,,,,,,,,,,,,,,,,,,,,,,,,,,,,,,,,,,,,,,,,
Ruby,2,0,204,181,9,14,0,0,88.7254902,4.41176471,6.8627451,6.8627451,0,0,89.2,1,1,1,4.81283422,0,2.67379679,7.25,5220,44.9,65,45,54,1,24464,13253,32.5,3023.65054,234.145161,1,0,0.07831325,71238,2968.24,498.07,1,19.8795181,6.6,100,1,1,3.03030303,18.5714286,81.4285714,20,0,0,20,80,45.4545455,14.5454545,3.63636364,92.513369,4.81283422,0,2.67379679,1408878,1408878, 0.95250 , 0.31683 , 0.63568 , 4.49167 ," 42,670.00000 ",, 0.13291 , 1.19934 , 0.30658 , 1.10998 ,  , 0.84000 , 0.42000 , 0.42000 , 4.36000 ,"51,828 ","677,691 ", 0.18972 , 1.10165 , 0.36588 , 0.73967 ,  , 5.55000 ,  ,  , 5.92000 , 8.90000 ,0.005530643,159,171,172,114,104,107,273,275,279,-19.1,-20.3,-18.2,-1.6,0.1,-0.7,14.5,15.4,15.5,-6.1,-5.4,-3.9,61,67,59,50,49,54,148,149,135,110,100,114,7,630,162,630,166,-0.117647059,-0.117647059,"FQHC, CHA/P Site",3,Class III,Current,4,27,10,16.2650602,6.02409639,2.7,0.65060241,3,4,1,1,1,0,2051,11.0268817,171290,920.913979,198460,1,5.8,1,64.7412,-155.467,2,229,1,-9999,-9999,128,132,138,132,179,145,197,170,188,166,186,-0.117647059,3.012048193,43.97590361,89.2,35.54216867,9.638554217,27,10,16.26506024,6.024096386,2.7,2010,CSIS,0.96,0.94,0.91,0.85,0.83,0.98,0.79,0.53,0.45,0.55,0.34,0.81,0.89,0.85,0.38,0.68,0.55,0.98,0.89,0.6,0.53,0.7,0.55,0.89,0.85,0.49,0.45,0.55,0.4,0.85,0.89,0.85,0.36,0.66,0.53,0.98,0.02,0.04,0.02,0,0.02,0.04
Salcha,,,948,817,75,0,56,0,86.1814346,7.91139241,5.907173,0,5.907173,0,6.49,1,0,0,0,0,2.89210234,4.77,6172,6.63,44,76,16,8,78214,33577,18.8,-9999,0,0,0,0.09315069,20782,266.44,0,1,6.30136986,11.5,-9999,-9999,-9999,-14491.304,7.37179487,92.6282051,66.9871795,35.8974359,8.65384615,4.11985019,95.8801498,80.1498127,44.1947566,11.9850187,97.1078977,0,0,2.89210234,2419205,2419205,  ,  ,  ,  ,,,  ,  ,  ,  ,  ,  ,  ,  ,  ,,,  ,  ,  ,  ,  , 3.71667 ,  , 2.94000 , 4.15000 , 5.58000 ,0.004126983,168,174,173,107,100,104,275,274,277,-17.6,-19.6,-17.9,0,0.9,-0.4,14.7,15.3,15.2,-5.4,-5.7,-4.4,47,43,36,37,32,27,180,171,197,89,63,47,12,509,229,509,1095,10.46610169,10.46610169,General Acute Care Hospital,5,Class I,Current,4,148,55,13.5159817,5.02283105,2.69090909,0.53424658,5,4,0,1,0,1,-9999,-9999,-9999,-9999,-9999,0,3.23,5,64.5516,-146.9378,1,33,0,-9999,-9999,-9999,-9999,-9999,-9999,-9999,-9999,319,354,854,1095,1053,10.46610169,-0.95890411,47.67123288,6.49,31.23287671,8.219178082,148,55,13.51598174,5.02283105,2.690909091,,,,,,,,,,,,,,,,,,,,,,,,,,,,,,,,,,,,,,,,,,,,
Shageluk,0,0,58,51,1,5,1,0,87.9310345,1.72413793,10.3448276,8.62068966,1.72413793,0,90.91,1,1,1,29.8245614,12.2807018,0,37,2720,59.3,71,27,71,2,25833,17370,21.6,2964.44304,233.683544,1,0,0.07228916,0,0,0,1,18.0722892,3.75,-9999,0,0,0,23.0769231,76.9230769,7.69230769,0,0,23.0769231,76.9230769,23.0769231,7.69230769,0,70.1754386,29.8245614,12.2807018,0,1409306,1409306, 0.62075 , 0.43458 , 0.19215 , 3.37750 ," 33,817.00000 "," 372,982.00000 ", 0.22087 , 1.63037 , 0.88726 , 1.11970 ,  , 0.66000 , 0.45333 , 0.20667 , 3.56833 ,"31,605 ","390,087 ", 0.25744 , 1.80082 , 0.65850 , 1.50058 ,  ,  ,  ,  , 5.00000 , 6.36000 ,0.003995533,165,175,176,115,105,109,280,280,285,-13.9,-15.5,-13.5,-1.4,-0.2,-0.9,13,13.8,14.1,-2.4,-2.2,-1.1,85,92,97,84,86,102,164,168,171,144,155,176,n/a,352,69,352,83,-2.014388489,-2.014388489,"FQHC, CHA/P Site",3,Class III,Current,4,26,12,31.3253012,14.4578313,2.16666667,0.63855422,3,4,1,1,2,0,758,9.59493671,60322,763.56962,156458,1,7,4,62.6547,-159.5328,2,391,1,0,0,130,88,92,100,155,167,131,139,129,83,79,-2.014388489,-1.204819277,49.39759036,90.91,32.53012048,4.819277108,26,12,31.3253012,14.45783133,2.166666667,2002,CSIS,,,0.94,,,,,,0.56,,,,,,0.38,,,,,,0.56,,,,,,0.5,,,,,,0.38,,,,,,0,,,
Stevens Village,0,0,62,59,0,3,0,0,95.1612903,0,4.83870968,4.83870968,0,0,85.54,1,1,1,24.0740741,14.8148148,0,16.7,3950,75,73,33,67,0,18125,4917,86.4,-9999,0,0,0,0.03846154,-9999,-9999,321.57,0,0,-9999,-9999,-9999,-9999,-9999,38.8888889,61.1111111,0,0,0,40,60,40,0,0,75.9259259,24.0740741,14.8148148,0,1410198,1410198, 0.89667 , 0.36130 , 0.53537 , 4.66833 ," 26,663.00000 "," 290,249.00000 ", 0.15768 , 1.46122 , 1.58975 , 0.79140 , 0.09786 ,  ,  ,  ,  ,,,  ,  ,  ,  ,  ,  ,  ,  ,  ,  ,0.004746929,157,165,163,114,106,111,271,271,274,-22.4,-24.2,-22.7,-2.4,-1.4,-2.8,15,15.7,15.5,-7.9,-8.2,-6.6,49,46,33,34,26,31,135,132,143,80,64,53,10,563,148,563,78,-1.176470588,-1.176470588,CHA/P Site,2,Class III,Current,4,9,3,11.5384615,3.84615385,3,0.66666667,2,4,1,0,1,0,285,6.19565217,29849,648.891304,4306,1,-9999,0,66.0045,-149.0845,1,90,1,-9999,100,103,48,54,84,102,74,96,102,87,78,46,-1.176470588,-10.25641026,38.46153846,85.54,30.76923077,8.974358974,9,3,11.53846154,3.846153846,3,1984 & 2000 (mammals),CSIS,,,,,,,,,0.9,,,,,,0.47,,,,,,0.83,,,,,,0.73,,,,0.63,0.32,0.21,0.53,0.16,,0.05,0,0,0.05,0.05,
Takotna,0,0,56,46,10,0,0,0,82.1428571,17.8571429,0,0,0,0,37.88,1,1,1,6,0,14,10,4500,15,73,56,41,4,64167,20221,-9999,-9999,1132.98387,1,0,0.09615385,0,0,0,1,34.6153846,3.6,100,1,1,5.55555556,16.6666667,83.3333333,50,16.6666667,0,12.5,87.5,68.75,25,0,80,6,0,14,1410562,1410562, 0.78708 , 0.46563 , 0.32378 , 5.17250 ," 20,547.00000 "," 251,919.00000 ", 0.21229 , 0.75695 , 0.66421 , 0.35967 , -   , 1.02000 , 0.59833 , 0.42667 , 5.20500 ,"21,997 ","218,792 ", 0.24075 , 0.64135 , 0.51611 , 0.36935 ,  ,  ,  ,  ,  ,  ,0.005268225,163,174,174,113,102,106,276,276,280,-19,-20.3,-18.1,-1.4,0.1,-0.7,13.9,14.8,15,-5.1,-4.6,-3.3,65,75,70,53,49,51,177,179,159,122,109,119,5,501,185,501,52,1.842105263,1.842105263,"FQHC, CHA/P Site",3,Class III,Current,4,6,7,11.5384615,13.4615385,0.85714286,0.78846154,3,4,0,1,2,0,242,3.90322581,9094,146.677419,560077,1,4,0,62.988,-156.062,1,284,1,-9999,-9999,-9999,65,70,42,40,0,48,38,50,52,62,1.842105263,4.807692308,44.23076923,37.88,38.46153846,7.692307692,6,7,11.53846154,13.46153846,0.857142857,2011,CSIS,1,0.93,0.93,0.93,0.79,1,0.5,0.5,0.5,0.29,0.29,0.5,0.93,0.71,0.57,0.71,0.43,0.93,0.57,0.5,0.5,0.5,0.36,0.57,0.43,0.21,0.14,0.36,0.07,0.43,0.93,0.71,0.57,0.64,0.43,0.93,0,0,0,0,0,0
Tanacross,0,0,172,155,12,5,0,0,90.1162791,6.97674419,2.90697674,2.90697674,0,0,81.88,1,1,1,58.2822086,0,0,18.87,5110,60.38,70,35,65,0,47708,12666,5.7,-9999,2304.69091,1,2,0.01470588,59600,438.24,551.49,1,8.82352941,6,-9999,-9999,-9999,-83325,41.0958904,58.9041096,17.8082192,9.5890411,0,5.40540541,94.5945946,56.7567568,13.5135135,0,41.7177914,58.2822086,0,0,1410618,1411046, 0.44227 , 0.27647 , 0.16580 , 3.33500 ," 845,599.00000 ","11,963,174", 0.44077 , 1.43663 , 0.82667 , 6.25973 ,  , 0.48667 , 0.28417 , 0.20083 , 3.76667 ,"696,292 ","9,914,560 ", 0.43441 , 1.44702 , 0.95948 , 2.49851 ,  , 4.16333 , 4.09000 , 3.86667 , 4.37500 , 3.20000 ,0.00318652,167,174,172,107,100,104,274,274,276,-21.1,-21.8,-20.3,-0.9,0.2,-1,13.3,14.2,14,-6.7,-6.9,-5.8,26,24,22,36,36,23,133,126,122,61,50,41,8,263,83,263,136,1.41509434,1.41509434,"FQHC, CHA/P Site",3,Class III,Current,4,18,10,13.2352941,7.35294118,1.8,0.53676471,3,4,0,1,1,1,6,0.05454546,151,1.37272727,0,0.5,3.7,4,63.3763,-143.356,1,166,1,-9999,-9999,101,80,135,137,102,84,117,106,140,136,110,1.41509434,-4.779411765,48.52941176,81.88,27.94117647,13.23529412,18,10,13.23529412,7.352941176,1.8,2004,CSIS,0.96,0.96,0.96,,,,0.85,0.74,0.74,,,,0.85,0.74,0.37,,,,0.89,0.78,0.78,,,,0.85,0.22,0.22,,,,0.82,0.67,0.3,,,,0.63,0.52,0.19,,,
Tanana,1,5,244,201,42,0,1,0,82.3770492,17.2131148,0.40983607,0,0.40983607,0,86.61,1,1,1,16.6666667,0,1.70940171,1.1,7700,29.8,74,34,65,1,45000,20250,12,5088.96943,1567.03057,1,0,0.03658537,114427,465.15,562.81,1,15.8536585,7.8,50,2,4,10.2564103,14.9425287,85.0574713,37.9310345,12.6436782,0,4.22535211,95.7746479,66.1971831,15.4929577,0,81.6239316,16.6666667,0,1.70940171,1410629,1410629, 0.59384 , 0.39516 , 0.19868 , 3.30750 ," 91,557.00000 "," 1,247,440.00000 ", 0.21626 , 0.94971 , 1.24035 , 2.60618 ,  , 0.71333 , 0.44917 , 0.26667 , 3.83417 ,"87,269 ","1,142,603 ", 0.23896 , 1.08116 , 1.18704 , 2.12471 ,  , 4.70667 ,  , 5.46000 , 5.61000 , 6.48000 ,0.005591303,161,170,168,113,104,109,274,274,277,-20.8,-21.6,-20.2,-1.8,-0.2,-1.4,15,15.5,15.5,-6.3,-6.4,-4.8,45,45,33,34,32,40,162,189,167,78,71,76,11,645,174,645,246,-1.434782609,-1.434782609,CHA/P Site,2,Class III,Current,4,21,20,8.53658537,8.1300813,1.05,0.55284553,2,4,1,1,2,0,3068,13.3973799,535956,2340.41921,133132,2,5.87,3,65.1712,-152.0879,3,130,1,186,398,213,185,170,228,349,120,388,345,308,246,229,-1.434782609,-1.727642276,46.74796748,86.61,29.26829268,7.723577236,21,20,8.536585366,8.130081301,1.05,2002,CSIS,1,0.93,0.92,,,,0.76,0.71,0.64,,,,1,0.76,0.54,,,,0.93,0.85,0.77,,,,0.93,0.71,0.67,,,,1,0.68,0.35,,,,0.3,0.22,0.12,,,
Tetlin,0,0,123,114,3,6,0,0,92.6829268,2.43902439,4.87804878,4.87804878,0,0,90.15,1,1,1,38.2608696,3.47826087,0.86956522,24.24,2600,39.4,59,33,65,2,21875,10088,23.4,-9999,273.259542,1,0,0,70175,552.56,687.48,1,21.2598425,6.75,0,0,2,7.40740741,9.75609756,90.2439024,43.902439,9.75609756,4.87804878,37.5,62.5,41.6666667,8.33333333,0,60.8695652,38.2608696,3.47826087,0.86956522,1410765,1410765, 0.44227 , 0.27647 , 0.16580 , 3.42333 ,," 78,240.00000 ", 0.29617 , 0.30383 , 1.26419 , 3.38433 ,  , 0.48667 , 0.28417 , 0.20083 , 3.76667 ,,0 , 0.31264 , 0.38252 , 1.44073 , 2.44212 ,  ,  ,  ,  ,  ,  ,0.003073086,167,173,171,106,100,104,273,273,275,-21.6,-22.1,-20.7,-0.7,0.2,-1,13.3,14.1,13.8,-6.8,-7,-6,33,30,29,36,35,23,142,145,128,60,52,44,4,198,87,198,127,2.298850575,2.298850575,"FQHC, CHA/P Site",3,Class III,Current,4,9,12,7.08661417,9.4488189,0.75,0.48818898,3,4,1,1,0,1,32,0.24427481,1252,9.55725191,0,1,3.7,2,63.138,-142.5197,1,196,1,0,0,0,34,66,73,122,114,107,87,117,127,131,2.298850575,0.787401575,44.88188976,90.15,35.43307087,8.661417323,9,12,7.086614173,9.448818898,0.75,1987,CSIS,1,0.9,0.9,,,,1,0.9,0.9,,,,0.9,0.59,0.35,,,,1,0.9,0.9,,,,0.25,0.05,0.05,,,,0.9,0.59,0.35,,,,0.1,0.15,0.05,,,
Tok,0,4,1274,1113,107,37,17,0,87.3626374,8.39874411,4.23861852,2.90423862,1.33437991,0,18.64,0,0,1,8.85972108,1.14848236,3.03527482,3.52,1861,6.64,56,69,19,13,47946,23858,14.9,-9999,0,0,0,0.17408585,411314,326.96,378.18,1,13.354531,9.33333333,50,3,6,3.57142857,8.41889117,91.5811088,62.8336756,30.8008214,8.00821355,18.3462532,81.6537468,61.2403101,21.9638243,2.84237726,88.1050041,8.85972108,1.14848236,3.03527482,1411046,1411046, 0.44227 , 0.27647 , 0.16580 , 3.33500 ," 845,599.00000 "," 11,963,174.00000 ", 0.44077 , 1.43663 , 0.82667 , 6.25973 ,  , 0.48667 , 0.28417 , 0.20083 , 3.76667 ,"696,292 ","9,914,560 ", 0.43441 , 1.44702 , 0.95948 , 2.49851 ,  , 4.09667 , 4.09000 , 3.76667 , 4.37500 , 3.25000 ,0.00317899,168,175,172,106,99,104,274,274,276,-21,-21.6,-20.1,-0.7,0.4,-0.9,13.5,14.3,14,-6.6,-6.7,-5.7,28,26,24,26,26,17,122,118,110,55,47,37,8,244,89,244,1258,1.727272727,1.727272727,FQHC,3,Class III,Current,4,193,86,15.3418124,6.83624801,2.24418605,0.57551669,3,4,2,1,1,1,440,0.35313002,25951,20.8274478,3920,1,3.7,4,63.3367,-142.9856,1,180,0,-9999,-9999,-9999,-9999,-9999,-9999,129,214,589,935,1393,1258,1246,1.727272727,-0.238473768,46.89984102,18.64,25.67567568,12.71860095,193,86,15.3418124,6.836248013,2.244186047,2011,CSIS,0.92,0.87,0.85,,,,0.64,0.56,0.54,,,,0.79,0.62,0.49,,,,0.69,0.64,0.62,,,,0.69,0.49,0.45,,,,0.7,0.55,0.28,,,,0.55,0.44,0.55,,,
Venetie,1,0,164,148,11,5,0,0,90.2439024,6.70731707,3.04878049,3.04878049,0,0,90.34,1,1,1,60.8974359,21.7948718,0,8.1,4080,58.1,75,35,65,0,15625,11191,47.2,-9999,0,0,0,0.01204819,195063,1175.08,1397.6,1,34.939759,14.5,0,0,3,5.17241379,31.4814815,68.5185185,22.2222222,0,0,40,55.5555556,24.4444444,24.4444444,0,39.1025641,60.8974359,21.7948718,0,1411644,1411644, 0.51000 , 0.23490 , 0.27510 , 3.90000 ,,, -   , -   , -   , -   , -   , 0.90000 , 0.52167 , 0.37833 , 5.51583 ,"75,380 ","740,307 ", 0.21401 , 2.33058 , 1.12846 , 0.57125 , 0.13340 ,  ,  ,  , 9.25000 , 11.33500 ,0.003568758,156,165,163,115,107,112,271,272,275,-23.3,-24.9,-22.9,-2.9,-1.5,-2.9,15.4,16.1,15.9,-8.5,-8.2,-6.7,47,38,35,27,23,23,117,104,113,73,44,32,5,360,86,360,166,-0.43956044,-0.43956044,"FQHC, CHA/P Site",3,Class III,Current,4,54,13,32.5301205,7.8313253,4.15384615,0.51204819,3,4,1,1,0,0,2431,13.0698925,551564,2965.39785,313192,2,8.5,0,67.0167,-146.4218,1,155,0,-9999,-9999,-9999,-9999,86,81,107,112,132,182,202,166,186,-0.43956044,3.012048193,39.75903614,90.34,34.3373494,6.626506024,54,13,32.53012048,7.831325301,4.153846154,2000,,,,,,,,,,,,,,,,,,,,,,,,,,,,,,,,0.53,0.41,0.13,0.5,0.36,,0.39,0.13,0.06,0.39,0.25,
Wiseman,0,0,13,13,0,0,0,0,100,0,0,0,0,0,6.67,0,0,1,0,0,0,0,-9999,0,44,86,0,14,-9999,-9999,-9999,-9999,0,0,0,0.35714286,0,0,0,0,0,-9999,-9999,-9999,-9999,-9999,0,100,0,0,0,0,100,0,0,0,100,0,0,0,1414284,1414284,  ,  ,  ,  ,,,  ,  ,  ,  ,  ,  ,  ,  ,  ,  ,  ,  ,  ,  ,  ,  , 2.99000 ,  , 5.06000 , 5.10000 , 5.09000 ,0.002125422,149,158,156,119,111,116,268,269,272,-20.7,-21.7,-20.5,-3.9,-2.3,-3.8,13.2,14,13.8,-8.8,-8.7,-6.7,68,74,56,46,46,44,183,157,180,106,96,86,1,257,79,257,14,-2.878787879,-2.878787879,PH Nursing,1,Fbks Landfill,Current,4,-9999,-9999,-9999,-9999,-9999,1.78571429,1,4,0,0,0,1,0,0,0,0,0,1,-9999,0,67.41,-150.1075,1,190,0,-9999,-9999,-9999,58,53,0,0,0,8,33,21,14,16,-2.878787879,3.571428571,50,6.67,50,7.142857143,-9999,-9999,-9999,-9999,-9999,2011,CSIS,1,1,1,1,1,1,1,0.8,0.8,0.6,0.6,1,1,0.8,0.6,0.6,0.6,1,1,0.8,0.8,1,0.6,1,1,0.2,0.2,1,0.4,1,1,0.8,0.6,0.4,0.6,1,0.8,0.8,0.6,0.2,0.6,1
